8337607,https://archiveofourown.org/works?utf8=%E2%9C%93&work_search%5Bsort_column%5D=hits&work_search%5Bother_tag_names%5D=&exclude_work_search%5Brating_ids%5D%5B%5D=13&exclude_work_search%5Brating_ids%5D%5B%5D=12&exclude_work_search%5Brating_ids%5D%5B%5D=9&work_search%5Bexcluded_tag_names%5D=&work_search%5Bcrossover%5D=F&work_search%5Bcomplete%5D=&work_search%5Bwords_from%5D=&work_search%5Bwords_to%5D=&work_search%5Bdate_from%5D=&work_search%5Bdate_to%5D=&work_search%5Bquery%5D=&work_search%5Blanguage_id%5D=en&commit=Sort+and+Filter&tag_id=%E5%83%95%E3%81%AE%E3%83%92%E3%83%BC%E3%83%AD%E3%83%BC%E3%82%A2%E3%82%AB%E3%83%87%E3%83%9F%E3%82%A2+%7C+Boku+no+Hero+Academia+%7C+My+Hero+Academia
22080895,https://archiveofourown.org/works?utf8=%E2%9C%93&work_search%5Bsort_column%5D=hits&work_search%5Bother_tag_names%5D=&exclude_work_search%5Brating_ids%5D%5B%5D=13&exclude_work_search%5Brating_ids%5D%5B%5D=12&exclude_work_search%5Brating_ids%5D%5B%5D=9&work_search%5Bexcluded_tag_names%5D=&work_search%5Bcrossover%5D=F&work_search%5Bcomplete%5D=&work_search%5Bwords_from%5D=&work_search%5Bwords_to%5D=&work_search%5Bdate_from%5D=&work_search%5Bdate_to%5D=&work_search%5Bquery%5D=&work_search%5Blanguage_id%5D=en&commit=Sort+and+Filter&tag_id=%E5%83%95%E3%81%AE%E3%83%92%E3%83%BC%E3%83%AD%E3%83%BC%E3%82%A2%E3%82%AB%E3%83%87%E3%83%9F%E3%82%A2+%7C+Boku+no+Hero+Academia+%7C+My+Hero+Academia
23529571,https://archiveofourown.org/works?utf8=%E2%9C%93&work_search%5Bsort_column%5D=hits&work_search%5Bother_tag_names%5D=&exclude_work_search%5Brating_ids%5D%5B%5D=13&exclude_work_search%5Brating_ids%5D%5B%5D=12&exclude_work_search%5Brating_ids%5D%5B%5D=9&work_search%5Bexcluded_tag_names%5D=&work_search%5Bcrossover%5D=F&work_search%5Bcomplete%5D=&work_search%5Bwords_from%5D=&work_search%5Bwords_to%5D=&work_search%5Bdate_from%5D=&work_search%5Bdate_to%5D=&work_search%5Bquery%5D=&work_search%5Blanguage_id%5D=en&commit=Sort+and+Filter&tag_id=%E5%83%95%E3%81%AE%E3%83%92%E3%83%BC%E3%83%AD%E3%83%BC%E3%82%A2%E3%82%AB%E3%83%87%E3%83%9F%E3%82%A2+%7C+Boku+no+Hero+Academia+%7C+My+Hero+Academia
14446512,https://archiveofourown.org/works?utf8=%E2%9C%93&work_search%5Bsort_column%5D=hits&work_search%5Bother_tag_names%5D=&exclude_work_search%5Brating_ids%5D%5B%5D=13&exclude_work_search%5Brating_ids%5D%5B%5D=12&exclude_work_search%5Brating_ids%5D%5B%5D=9&work_search%5Bexcluded_tag_names%5D=&work_search%5Bcrossover%5D=F&work_search%5Bcomplete%5D=&work_search%5Bwords_from%5D=&work_search%5Bwords_to%5D=&work_search%5Bdate_from%5D=&work_search%5Bdate_to%5D=&work_search%5Bquery%5D=&work_search%5Blanguage_id%5D=en&commit=Sort+and+Filter&tag_id=%E5%83%95%E3%81%AE%E3%83%92%E3%83%BC%E3%83%AD%E3%83%BC%E3%82%A2%E3%82%AB%E3%83%87%E3%83%9F%E3%82%A2+%7C+Boku+no+Hero+Academia+%7C+My+Hero+Academia
25069339,https://archiveofourown.org/works?utf8=%E2%9C%93&work_search%5Bsort_column%5D=hits&work_search%5Bother_tag_names%5D=&exclude_work_search%5Brating_ids%5D%5B%5D=13&exclude_work_search%5Brating_ids%5D%5B%5D=12&exclude_work_search%5Brating_ids%5D%5B%5D=9&work_search%5Bexcluded_tag_names%5D=&work_search%5Bcrossover%5D=F&work_search%5Bcomplete%5D=&work_search%5Bwords_from%5D=&work_search%5Bwords_to%5D=&work_search%5Bdate_from%5D=&work_search%5Bdate_to%5D=&work_search%5Bquery%5D=&work_search%5Blanguage_id%5D=en&commit=Sort+and+Filter&tag_id=%E5%83%95%E3%81%AE%E3%83%92%E3%83%BC%E3%83%AD%E3%83%BC%E3%82%A2%E3%82%AB%E3%83%87%E3%83%9F%E3%82%A2+%7C+Boku+no+Hero+Academia+%7C+My+Hero+Academia
5096105,https://archiveofourown.org/works?utf8=%E2%9C%93&work_search%5Bsort_column%5D=hits&work_search%5Bother_tag_names%5D=&exclude_work_search%5Brating_ids%5D%5B%5D=13&exclude_work_search%5Brating_ids%5D%5B%5D=12&exclude_work_search%5Brating_ids%5D%5B%5D=9&work_search%5Bexcluded_tag_names%5D=&work_search%5Bcrossover%5D=F&work_search%5Bcomplete%5D=&work_search%5Bwords_from%5D=&work_search%5Bwords_to%5D=&work_search%5Bdate_from%5D=&work_search%5Bdate_to%5D=&work_search%5Bquery%5D=&work_search%5Blanguage_id%5D=en&commit=Sort+and+Filter&tag_id=Haikyuu%21%21
25651510,https://archiveofourown.org/works?utf8=%E2%9C%93&work_search%5Bsort_column%5D=hits&work_search%5Bother_tag_names%5D=&exclude_work_search%5Brating_ids%5D%5B%5D=13&exclude_work_search%5Brating_ids%5D%5B%5D=12&exclude_work_search%5Brating_ids%5D%5B%5D=9&work_search%5Bexcluded_tag_names%5D=&work_search%5Bcrossover%5D=F&work_search%5Bcomplete%5D=&work_search%5Bwords_from%5D=&work_search%5Bwords_to%5D=&work_search%5Bdate_from%5D=&work_search%5Bdate_to%5D=&work_search%5Bquery%5D=&work_search%5Blanguage_id%5D=en&commit=Sort+and+Filter&tag_id=Haikyuu%21%21
2547755,https://archiveofourown.org/works?utf8=%E2%9C%93&work_search%5Bsort_column%5D=hits&work_search%5Bother_tag_names%5D=&exclude_work_search%5Brating_ids%5D%5B%5D=13&exclude_work_search%5Brating_ids%5D%5B%5D=12&exclude_work_search%5Brating_ids%5D%5B%5D=9&work_search%5Bexcluded_tag_names%5D=&work_search%5Bcrossover%5D=F&work_search%5Bcomplete%5D=&work_search%5Bwords_from%5D=&work_search%5Bwords_to%5D=&work_search%5Bdate_from%5D=&work_search%5Bdate_to%5D=&work_search%5Bquery%5D=&work_search%5Blanguage_id%5D=en&commit=Sort+and+Filter&tag_id=Haikyuu%21%21
10554512,https://archiveofourown.org/works?utf8=%E2%9C%93&work_search%5Bsort_column%5D=hits&work_search%5Bother_tag_names%5D=&exclude_work_search%5Brating_ids%5D%5B%5D=13&exclude_work_search%5Brating_ids%5D%5B%5D=12&exclude_work_search%5Brating_ids%5D%5B%5D=9&work_search%5Bexcluded_tag_names%5D=&work_search%5Bcrossover%5D=F&work_search%5Bcomplete%5D=&work_search%5Bwords_from%5D=&work_search%5Bwords_to%5D=&work_search%5Bdate_from%5D=&work_search%5Bdate_to%5D=&work_search%5Bquery%5D=&work_search%5Blanguage_id%5D=en&commit=Sort+and+Filter&tag_id=Haikyuu%21%21
5663683,https://archiveofourown.org/works?utf8=%E2%9C%93&work_search%5Bsort_column%5D=hits&work_search%5Bother_tag_names%5D=&exclude_work_search%5Brating_ids%5D%5B%5D=13&exclude_work_search%5Brating_ids%5D%5B%5D=12&exclude_work_search%5Brating_ids%5D%5B%5D=9&work_search%5Bexcluded_tag_names%5D=&work_search%5Bcrossover%5D=F&work_search%5Bcomplete%5D=&work_search%5Bwords_from%5D=&work_search%5Bwords_to%5D=&work_search%5Bdate_from%5D=&work_search%5Bdate_to%5D=&work_search%5Bquery%5D=&work_search%5Blanguage_id%5D=en&commit=Sort+and+Filter&tag_id=Haikyuu%21%21
8211566,https://archiveofourown.org/works?utf8=%E2%9C%93&work_search%5Bsort_column%5D=hits&work_search%5Bother_tag_names%5D=&exclude_work_search%5Brating_ids%5D%5B%5D=13&exclude_work_search%5Brating_ids%5D%5B%5D=12&exclude_work_search%5Brating_ids%5D%5B%5D=9&work_search%5Bexcluded_tag_names%5D=&work_search%5Bcrossover%5D=F&work_search%5Bcomplete%5D=&work_search%5Bwords_from%5D=&work_search%5Bwords_to%5D=&work_search%5Bdate_from%5D=&work_search%5Bdate_to%5D=&work_search%5Bquery%5D=&work_search%5Blanguage_id%5D=en&commit=Sort+and+Filter&tag_id=Naruto
4525815,https://archiveofourown.org/works?utf8=%E2%9C%93&work_search%5Bsort_column%5D=hits&work_search%5Bother_tag_names%5D=&exclude_work_search%5Brating_ids%5D%5B%5D=13&exclude_work_search%5Brating_ids%5D%5B%5D=12&exclude_work_search%5Brating_ids%5D%5B%5D=9&work_search%5Bexcluded_tag_names%5D=&work_search%5Bcrossover%5D=F&work_search%5Bcomplete%5D=&work_search%5Bwords_from%5D=&work_search%5Bwords_to%5D=&work_search%5Bdate_from%5D=&work_search%5Bdate_to%5D=&work_search%5Bquery%5D=&work_search%5Blanguage_id%5D=en&commit=Sort+and+Filter&tag_id=Naruto
6737008,https://archiveofourown.org/works?utf8=%E2%9C%93&work_search%5Bsort_column%5D=hits&work_search%5Bother_tag_names%5D=&exclude_work_search%5Brating_ids%5D%5B%5D=13&exclude_work_search%5Brating_ids%5D%5B%5D=12&exclude_work_search%5Brating_ids%5D%5B%5D=9&work_search%5Bexcluded_tag_names%5D=&work_search%5Bcrossover%5D=F&work_search%5Bcomplete%5D=&work_search%5Bwords_from%5D=&work_search%5Bwords_to%5D=&work_search%5Bdate_from%5D=&work_search%5Bdate_to%5D=&work_search%5Bquery%5D=&work_search%5Blanguage_id%5D=en&commit=Sort+and+Filter&tag_id=Naruto
17055632,https://archiveofourown.org/works?utf8=%E2%9C%93&work_search%5Bsort_column%5D=hits&work_search%5Bother_tag_names%5D=&exclude_work_search%5Brating_ids%5D%5B%5D=13&exclude_work_search%5Brating_ids%5D%5B%5D=12&exclude_work_search%5Brating_ids%5D%5B%5D=9&work_search%5Bexcluded_tag_names%5D=&work_search%5Bcrossover%5D=F&work_search%5Bcomplete%5D=&work_search%5Bwords_from%5D=&work_search%5Bwords_to%5D=&work_search%5Bdate_from%5D=&work_search%5Bdate_to%5D=&work_search%5Bquery%5D=&work_search%5Blanguage_id%5D=en&commit=Sort+and+Filter&tag_id=Naruto
9645254,https://archiveofourown.org/works?utf8=%E2%9C%93&work_search%5Bsort_column%5D=hits&work_search%5Bother_tag_names%5D=&exclude_work_search%5Brating_ids%5D%5B%5D=13&exclude_work_search%5Brating_ids%5D%5B%5D=12&exclude_work_search%5Brating_ids%5D%5B%5D=9&work_search%5Bexcluded_tag_names%5D=&work_search%5Bcrossover%5D=F&work_search%5Bcomplete%5D=&work_search%5Bwords_from%5D=&work_search%5Bwords_to%5D=&work_search%5Bdate_from%5D=&work_search%5Bdate_to%5D=&work_search%5Bquery%5D=&work_search%5Blanguage_id%5D=en&commit=Sort+and+Filter&tag_id=Naruto
991568,https://archiveofourown.org/works?utf8=%E2%9C%93&work_search%5Bsort_column%5D=hits&work_search%5Bother_tag_names%5D=&exclude_work_search%5Brating_ids%5D%5B%5D=13&exclude_work_search%5Brating_ids%5D%5B%5D=12&exclude_work_search%5Brating_ids%5D%5B%5D=9&work_search%5Bexcluded_tag_names%5D=&work_search%5Bcrossover%5D=F&work_search%5Bcomplete%5D=&work_search%5Bwords_from%5D=&work_search%5Bwords_to%5D=&work_search%5Bdate_from%5D=&work_search%5Bdate_to%5D=&work_search%5Bquery%5D=&work_search%5Blanguage_id%5D=en&commit=Sort+and+Filter&tag_id=Shingeki+no+Kyojin+%7C+Attack+on+Titan
1032582,https://archiveofourown.org/works?utf8=%E2%9C%93&work_search%5Bsort_column%5D=hits&work_search%5Bother_tag_names%5D=&exclude_work_search%5Brating_ids%5D%5B%5D=13&exclude_work_search%5Brating_ids%5D%5B%5D=12&exclude_work_search%5Brating_ids%5D%5B%5D=9&work_search%5Bexcluded_tag_names%5D=&work_search%5Bcrossover%5D=F&work_search%5Bcomplete%5D=&work_search%5Bwords_from%5D=&work_search%5Bwords_to%5D=&work_search%5Bdate_from%5D=&work_search%5Bdate_to%5D=&work_search%5Bquery%5D=&work_search%5Blanguage_id%5D=en&commit=Sort+and+Filter&tag_id=Shingeki+no+Kyojin+%7C+Attack+on+Titan
858763,https://archiveofourown.org/works?utf8=%E2%9C%93&work_search%5Bsort_column%5D=hits&work_search%5Bother_tag_names%5D=&exclude_work_search%5Brating_ids%5D%5B%5D=13&exclude_work_search%5Brating_ids%5D%5B%5D=12&exclude_work_search%5Brating_ids%5D%5B%5D=9&work_search%5Bexcluded_tag_names%5D=&work_search%5Bcrossover%5D=F&work_search%5Bcomplete%5D=&work_search%5Bwords_from%5D=&work_search%5Bwords_to%5D=&work_search%5Bdate_from%5D=&work_search%5Bdate_to%5D=&work_search%5Bquery%5D=&work_search%5Blanguage_id%5D=en&commit=Sort+and+Filter&tag_id=Shingeki+no+Kyojin+%7C+Attack+on+Titan
5103851,https://archiveofourown.org/works?utf8=%E2%9C%93&work_search%5Bsort_column%5D=hits&work_search%5Bother_tag_names%5D=&exclude_work_search%5Brating_ids%5D%5B%5D=13&exclude_work_search%5Brating_ids%5D%5B%5D=12&exclude_work_search%5Brating_ids%5D%5B%5D=9&work_search%5Bexcluded_tag_names%5D=&work_search%5Bcrossover%5D=F&work_search%5Bcomplete%5D=&work_search%5Bwords_from%5D=&work_search%5Bwords_to%5D=&work_search%5Bdate_from%5D=&work_search%5Bdate_to%5D=&work_search%5Bquery%5D=&work_search%5Blanguage_id%5D=en&commit=Sort+and+Filter&tag_id=Shingeki+no+Kyojin+%7C+Attack+on+Titan
4367534,https://archiveofourown.org/works?utf8=%E2%9C%93&work_search%5Bsort_column%5D=hits&work_search%5Bother_tag_names%5D=&exclude_work_search%5Brating_ids%5D%5B%5D=13&exclude_work_search%5Brating_ids%5D%5B%5D=12&exclude_work_search%5Brating_ids%5D%5B%5D=9&work_search%5Bexcluded_tag_names%5D=&work_search%5Bcrossover%5D=F&work_search%5Bcomplete%5D=&work_search%5Bwords_from%5D=&work_search%5Bwords_to%5D=&work_search%5Bdate_from%5D=&work_search%5Bdate_to%5D=&work_search%5Bquery%5D=&work_search%5Blanguage_id%5D=en&commit=Sort+and+Filter&tag_id=Shingeki+no+Kyojin+%7C+Attack+on+Titan
3678501,https://archiveofourown.org/works?utf8=%E2%9C%93&work_search%5Bsort_column%5D=hits&work_search%5Bother_tag_names%5D=&exclude_work_search%5Brating_ids%5D%5B%5D=13&exclude_work_search%5Brating_ids%5D%5B%5D=12&exclude_work_search%5Brating_ids%5D%5B%5D=9&work_search%5Bexcluded_tag_names%5D=&work_search%5Bcrossover%5D=F&work_search%5Bcomplete%5D=&work_search%5Bwords_from%5D=&work_search%5Bwords_to%5D=&work_search%5Bdate_from%5D=&work_search%5Bdate_to%5D=&work_search%5Bquery%5D=&work_search%5Blanguage_id%5D=en&commit=Sort+and+Filter&tag_id=%E3%82%B8%E3%83%A7%E3%82%B8%E3%83%A7%E3%81%AE%E5%A5%87%E5%A6%99%E3%81%AA%E5%86%92%E9%99%BA+%7C+JoJo+no+Kimyou+na+Bouken+%7C+JoJo%27s+Bizarre+Adventure
5490503,https://archiveofourown.org/works?utf8=%E2%9C%93&work_search%5Bsort_column%5D=hits&work_search%5Bother_tag_names%5D=&exclude_work_search%5Brating_ids%5D%5B%5D=13&exclude_work_search%5Brating_ids%5D%5B%5D=12&exclude_work_search%5Brating_ids%5D%5B%5D=9&work_search%5Bexcluded_tag_names%5D=&work_search%5Bcrossover%5D=F&work_search%5Bcomplete%5D=&work_search%5Bwords_from%5D=&work_search%5Bwords_to%5D=&work_search%5Bdate_from%5D=&work_search%5Bdate_to%5D=&work_search%5Bquery%5D=&work_search%5Blanguage_id%5D=en&commit=Sort+and+Filter&tag_id=%E3%82%B8%E3%83%A7%E3%82%B8%E3%83%A7%E3%81%AE%E5%A5%87%E5%A6%99%E3%81%AA%E5%86%92%E9%99%BA+%7C+JoJo+no+Kimyou+na+Bouken+%7C+JoJo%27s+Bizarre+Adventure
21563056,https://archiveofourown.org/works?utf8=%E2%9C%93&work_search%5Bsort_column%5D=hits&work_search%5Bother_tag_names%5D=&exclude_work_search%5Brating_ids%5D%5B%5D=13&exclude_work_search%5Brating_ids%5D%5B%5D=12&exclude_work_search%5Brating_ids%5D%5B%5D=9&work_search%5Bexcluded_tag_names%5D=&work_search%5Bcrossover%5D=F&work_search%5Bcomplete%5D=&work_search%5Bwords_from%5D=&work_search%5Bwords_to%5D=&work_search%5Bdate_from%5D=&work_search%5Bdate_to%5D=&work_search%5Bquery%5D=&work_search%5Blanguage_id%5D=en&commit=Sort+and+Filter&tag_id=%E3%82%B8%E3%83%A7%E3%82%B8%E3%83%A7%E3%81%AE%E5%A5%87%E5%A6%99%E3%81%AA%E5%86%92%E9%99%BA+%7C+JoJo+no+Kimyou+na+Bouken+%7C+JoJo%27s+Bizarre+Adventure
19902286,https://archiveofourown.org/works?utf8=%E2%9C%93&work_search%5Bsort_column%5D=hits&work_search%5Bother_tag_names%5D=&exclude_work_search%5Brating_ids%5D%5B%5D=13&exclude_work_search%5Brating_ids%5D%5B%5D=12&exclude_work_search%5Brating_ids%5D%5B%5D=9&work_search%5Bexcluded_tag_names%5D=&work_search%5Bcrossover%5D=F&work_search%5Bcomplete%5D=&work_search%5Bwords_from%5D=&work_search%5Bwords_to%5D=&work_search%5Bdate_from%5D=&work_search%5Bdate_to%5D=&work_search%5Bquery%5D=&work_search%5Blanguage_id%5D=en&commit=Sort+and+Filter&tag_id=%E3%82%B8%E3%83%A7%E3%82%B8%E3%83%A7%E3%81%AE%E5%A5%87%E5%A6%99%E3%81%AA%E5%86%92%E9%99%BA+%7C+JoJo+no+Kimyou+na+Bouken+%7C+JoJo%27s+Bizarre+Adventure
5726920,https://archiveofourown.org/works?utf8=%E2%9C%93&work_search%5Bsort_column%5D=hits&work_search%5Bother_tag_names%5D=&exclude_work_search%5Brating_ids%5D%5B%5D=13&exclude_work_search%5Brating_ids%5D%5B%5D=12&exclude_work_search%5Brating_ids%5D%5B%5D=9&work_search%5Bexcluded_tag_names%5D=&work_search%5Bcrossover%5D=F&work_search%5Bcomplete%5D=&work_search%5Bwords_from%5D=&work_search%5Bwords_to%5D=&work_search%5Bdate_from%5D=&work_search%5Bdate_to%5D=&work_search%5Bquery%5D=&work_search%5Blanguage_id%5D=en&commit=Sort+and+Filter&tag_id=%E3%82%B8%E3%83%A7%E3%82%B8%E3%83%A7%E3%81%AE%E5%A5%87%E5%A6%99%E3%81%AA%E5%86%92%E9%99%BA+%7C+JoJo+no+Kimyou+na+Bouken+%7C+JoJo%27s+Bizarre+Adventure
456457,https://archiveofourown.org/works?utf8=%E2%9C%93&work_search%5Bsort_column%5D=hits&work_search%5Bother_tag_names%5D=&exclude_work_search%5Brating_ids%5D%5B%5D=13&exclude_work_search%5Brating_ids%5D%5B%5D=12&exclude_work_search%5Brating_ids%5D%5B%5D=9&work_search%5Bexcluded_tag_names%5D=&work_search%5Bcrossover%5D=F&work_search%5Bcomplete%5D=&work_search%5Bwords_from%5D=&work_search%5Bwords_to%5D=&work_search%5Bdate_from%5D=&work_search%5Bdate_to%5D=&work_search%5Bquery%5D=&work_search%5Blanguage_id%5D=en&commit=Sort+and+Filter&tag_id=Hetalia%3A+Axis+Powers
1026911,https://archiveofourown.org/works?utf8=%E2%9C%93&work_search%5Bsort_column%5D=hits&work_search%5Bother_tag_names%5D=&exclude_work_search%5Brating_ids%5D%5B%5D=13&exclude_work_search%5Brating_ids%5D%5B%5D=12&exclude_work_search%5Brating_ids%5D%5B%5D=9&work_search%5Bexcluded_tag_names%5D=&work_search%5Bcrossover%5D=F&work_search%5Bcomplete%5D=&work_search%5Bwords_from%5D=&work_search%5Bwords_to%5D=&work_search%5Bdate_from%5D=&work_search%5Bdate_to%5D=&work_search%5Bquery%5D=&work_search%5Blanguage_id%5D=en&commit=Sort+and+Filter&tag_id=Hetalia%3A+Axis+Powers
3741175,https://archiveofourown.org/works?utf8=%E2%9C%93&work_search%5Bsort_column%5D=hits&work_search%5Bother_tag_names%5D=&exclude_work_search%5Brating_ids%5D%5B%5D=13&exclude_work_search%5Brating_ids%5D%5B%5D=12&exclude_work_search%5Brating_ids%5D%5B%5D=9&work_search%5Bexcluded_tag_names%5D=&work_search%5Bcrossover%5D=F&work_search%5Bcomplete%5D=&work_search%5Bwords_from%5D=&work_search%5Bwords_to%5D=&work_search%5Bdate_from%5D=&work_search%5Bdate_to%5D=&work_search%5Bquery%5D=&work_search%5Blanguage_id%5D=en&commit=Sort+and+Filter&tag_id=Hetalia%3A+Axis+Powers
2807672,https://archiveofourown.org/works?utf8=%E2%9C%93&work_search%5Bsort_column%5D=hits&work_search%5Bother_tag_names%5D=&exclude_work_search%5Brating_ids%5D%5B%5D=13&exclude_work_search%5Brating_ids%5D%5B%5D=12&exclude_work_search%5Brating_ids%5D%5B%5D=9&work_search%5Bexcluded_tag_names%5D=&work_search%5Bcrossover%5D=F&work_search%5Bcomplete%5D=&work_search%5Bwords_from%5D=&work_search%5Bwords_to%5D=&work_search%5Bdate_from%5D=&work_search%5Bdate_to%5D=&work_search%5Bquery%5D=&work_search%5Blanguage_id%5D=en&commit=Sort+and+Filter&tag_id=Hetalia%3A+Axis+Powers
16148483,https://archiveofourown.org/works?utf8=%E2%9C%93&work_search%5Bsort_column%5D=hits&work_search%5Bother_tag_names%5D=&exclude_work_search%5Brating_ids%5D%5B%5D=13&exclude_work_search%5Brating_ids%5D%5B%5D=12&exclude_work_search%5Brating_ids%5D%5B%5D=9&work_search%5Bexcluded_tag_names%5D=&work_search%5Bcrossover%5D=F&work_search%5Bcomplete%5D=&work_search%5Bwords_from%5D=&work_search%5Bwords_to%5D=&work_search%5Bdate_from%5D=&work_search%5Bdate_to%5D=&work_search%5Bquery%5D=&work_search%5Blanguage_id%5D=en&commit=Sort+and+Filter&tag_id=Hetalia%3A+Axis+Powers
8577016,https://archiveofourown.org/works?utf8=%E2%9C%93&work_search%5Bsort_column%5D=hits&work_search%5Bother_tag_names%5D=&exclude_work_search%5Brating_ids%5D%5B%5D=13&exclude_work_search%5Brating_ids%5D%5B%5D=12&exclude_work_search%5Brating_ids%5D%5B%5D=9&work_search%5Bexcluded_tag_names%5D=&work_search%5Bcrossover%5D=F&work_search%5Bcomplete%5D=&work_search%5Bwords_from%5D=&work_search%5Bwords_to%5D=&work_search%5Bdate_from%5D=&work_search%5Bdate_to%5D=&work_search%5Bquery%5D=&work_search%5Blanguage_id%5D=en&commit=Sort+and+Filter&tag_id=Yuri%21%21%21+on+Ice+%28Anime%29
8293714,https://archiveofourown.org/works?utf8=%E2%9C%93&work_search%5Bsort_column%5D=hits&work_search%5Bother_tag_names%5D=&exclude_work_search%5Brating_ids%5D%5B%5D=13&exclude_work_search%5Brating_ids%5D%5B%5D=12&exclude_work_search%5Brating_ids%5D%5B%5D=9&work_search%5Bexcluded_tag_names%5D=&work_search%5Bcrossover%5D=F&work_search%5Bcomplete%5D=&work_search%5Bwords_from%5D=&work_search%5Bwords_to%5D=&work_search%5Bdate_from%5D=&work_search%5Bdate_to%5D=&work_search%5Bquery%5D=&work_search%5Blanguage_id%5D=en&commit=Sort+and+Filter&tag_id=Yuri%21%21%21+on+Ice+%28Anime%29
8398177,https://archiveofourown.org/works?utf8=%E2%9C%93&work_search%5Bsort_column%5D=hits&work_search%5Bother_tag_names%5D=&exclude_work_search%5Brating_ids%5D%5B%5D=13&exclude_work_search%5Brating_ids%5D%5B%5D=12&exclude_work_search%5Brating_ids%5D%5B%5D=9&work_search%5Bexcluded_tag_names%5D=&work_search%5Bcrossover%5D=F&work_search%5Bcomplete%5D=&work_search%5Bwords_from%5D=&work_search%5Bwords_to%5D=&work_search%5Bdate_from%5D=&work_search%5Bdate_to%5D=&work_search%5Bquery%5D=&work_search%5Blanguage_id%5D=en&commit=Sort+and+Filter&tag_id=Yuri%21%21%21+on+Ice+%28Anime%29
8350159,https://archiveofourown.org/works?utf8=%E2%9C%93&work_search%5Bsort_column%5D=hits&work_search%5Bother_tag_names%5D=&exclude_work_search%5Brating_ids%5D%5B%5D=13&exclude_work_search%5Brating_ids%5D%5B%5D=12&exclude_work_search%5Brating_ids%5D%5B%5D=9&work_search%5Bexcluded_tag_names%5D=&work_search%5Bcrossover%5D=F&work_search%5Bcomplete%5D=&work_search%5Bwords_from%5D=&work_search%5Bwords_to%5D=&work_search%5Bdate_from%5D=&work_search%5Bdate_to%5D=&work_search%5Bquery%5D=&work_search%5Blanguage_id%5D=en&commit=Sort+and+Filter&tag_id=Yuri%21%21%21+on+Ice+%28Anime%29
10263101,https://archiveofourown.org/works?utf8=%E2%9C%93&work_search%5Bsort_column%5D=hits&work_search%5Bother_tag_names%5D=&exclude_work_search%5Brating_ids%5D%5B%5D=13&exclude_work_search%5Brating_ids%5D%5B%5D=12&exclude_work_search%5Brating_ids%5D%5B%5D=9&work_search%5Bexcluded_tag_names%5D=&work_search%5Bcrossover%5D=F&work_search%5Bcomplete%5D=&work_search%5Bwords_from%5D=&work_search%5Bwords_to%5D=&work_search%5Bdate_from%5D=&work_search%5Bdate_to%5D=&work_search%5Bquery%5D=&work_search%5Blanguage_id%5D=en&commit=Sort+and+Filter&tag_id=Yuri%21%21%21+on+Ice+%28Anime%29
7606222,https://archiveofourown.org/works?utf8=%E2%9C%93&work_search%5Bsort_column%5D=hits&work_search%5Bother_tag_names%5D=&exclude_work_search%5Brating_ids%5D%5B%5D=13&exclude_work_search%5Brating_ids%5D%5B%5D=12&exclude_work_search%5Brating_ids%5D%5B%5D=9&work_search%5Bexcluded_tag_names%5D=&work_search%5Bcrossover%5D=F&work_search%5Bcomplete%5D=&work_search%5Bwords_from%5D=&work_search%5Bwords_to%5D=&work_search%5Bdate_from%5D=&work_search%5Bdate_to%5D=&work_search%5Bquery%5D=&work_search%5Blanguage_id%5D=en&commit=Sort+and+Filter&tag_id=%E6%96%87%E8%B1%AA%E3%82%B9%E3%83%88%E3%83%AC%E3%82%A4%E3%83%89%E3%83%83%E3%82%B0%E3%82%B9+%7C+Bungou+Stray+Dogs
11380470,https://archiveofourown.org/works?utf8=%E2%9C%93&work_search%5Bsort_column%5D=hits&work_search%5Bother_tag_names%5D=&exclude_work_search%5Brating_ids%5D%5B%5D=13&exclude_work_search%5Brating_ids%5D%5B%5D=12&exclude_work_search%5Brating_ids%5D%5B%5D=9&work_search%5Bexcluded_tag_names%5D=&work_search%5Bcrossover%5D=F&work_search%5Bcomplete%5D=&work_search%5Bwords_from%5D=&work_search%5Bwords_to%5D=&work_search%5Bdate_from%5D=&work_search%5Bdate_to%5D=&work_search%5Bquery%5D=&work_search%5Blanguage_id%5D=en&commit=Sort+and+Filter&tag_id=%E6%96%87%E8%B1%AA%E3%82%B9%E3%83%88%E3%83%AC%E3%82%A4%E3%83%89%E3%83%83%E3%82%B0%E3%82%B9+%7C+Bungou+Stray+Dogs
9352388,https://archiveofourown.org/works?utf8=%E2%9C%93&work_search%5Bsort_column%5D=hits&work_search%5Bother_tag_names%5D=&exclude_work_search%5Brating_ids%5D%5B%5D=13&exclude_work_search%5Brating_ids%5D%5B%5D=12&exclude_work_search%5Brating_ids%5D%5B%5D=9&work_search%5Bexcluded_tag_names%5D=&work_search%5Bcrossover%5D=F&work_search%5Bcomplete%5D=&work_search%5Bwords_from%5D=&work_search%5Bwords_to%5D=&work_search%5Bdate_from%5D=&work_search%5Bdate_to%5D=&work_search%5Bquery%5D=&work_search%5Blanguage_id%5D=en&commit=Sort+and+Filter&tag_id=%E6%96%87%E8%B1%AA%E3%82%B9%E3%83%88%E3%83%AC%E3%82%A4%E3%83%89%E3%83%83%E3%82%B0%E3%82%B9+%7C+Bungou+Stray+Dogs
7637671,https://archiveofourown.org/works?utf8=%E2%9C%93&work_search%5Bsort_column%5D=hits&work_search%5Bother_tag_names%5D=&exclude_work_search%5Brating_ids%5D%5B%5D=13&exclude_work_search%5Brating_ids%5D%5B%5D=12&exclude_work_search%5Brating_ids%5D%5B%5D=9&work_search%5Bexcluded_tag_names%5D=&work_search%5Bcrossover%5D=F&work_search%5Bcomplete%5D=&work_search%5Bwords_from%5D=&work_search%5Bwords_to%5D=&work_search%5Bdate_from%5D=&work_search%5Bdate_to%5D=&work_search%5Bquery%5D=&work_search%5Blanguage_id%5D=en&commit=Sort+and+Filter&tag_id=%E6%96%87%E8%B1%AA%E3%82%B9%E3%83%88%E3%83%AC%E3%82%A4%E3%83%89%E3%83%83%E3%82%B0%E3%82%B9+%7C+Bungou+Stray+Dogs
20685449,https://archiveofourown.org/works?utf8=%E2%9C%93&work_search%5Bsort_column%5D=hits&work_search%5Bother_tag_names%5D=&exclude_work_search%5Brating_ids%5D%5B%5D=13&exclude_work_search%5Brating_ids%5D%5B%5D=12&exclude_work_search%5Brating_ids%5D%5B%5D=9&work_search%5Bexcluded_tag_names%5D=&work_search%5Bcrossover%5D=F&work_search%5Bcomplete%5D=&work_search%5Bwords_from%5D=&work_search%5Bwords_to%5D=&work_search%5Bdate_from%5D=&work_search%5Bdate_to%5D=&work_search%5Bquery%5D=&work_search%5Blanguage_id%5D=en&commit=Sort+and+Filter&tag_id=%E6%96%87%E8%B1%AA%E3%82%B9%E3%83%88%E3%83%AC%E3%82%A4%E3%83%89%E3%83%83%E3%82%B0%E3%82%B9+%7C+Bungou+Stray+Dogs
18862240,https://archiveofourown.org/works?utf8=%E2%9C%93&work_search%5Bsort_column%5D=hits&work_search%5Bother_tag_names%5D=&exclude_work_search%5Brating_ids%5D%5B%5D=13&exclude_work_search%5Brating_ids%5D%5B%5D=12&exclude_work_search%5Brating_ids%5D%5B%5D=9&work_search%5Bexcluded_tag_names%5D=&work_search%5Bcrossover%5D=F&work_search%5Bcomplete%5D=&work_search%5Bwords_from%5D=&work_search%5Bwords_to%5D=&work_search%5Bdate_from%5D=&work_search%5Bdate_to%5D=&work_search%5Bquery%5D=&work_search%5Blanguage_id%5D=en&commit=Sort+and+Filter&tag_id=One+Piece
14884211,https://archiveofourown.org/works?utf8=%E2%9C%93&work_search%5Bsort_column%5D=hits&work_search%5Bother_tag_names%5D=&exclude_work_search%5Brating_ids%5D%5B%5D=13&exclude_work_search%5Brating_ids%5D%5B%5D=12&exclude_work_search%5Brating_ids%5D%5B%5D=9&work_search%5Bexcluded_tag_names%5D=&work_search%5Bcrossover%5D=F&work_search%5Bcomplete%5D=&work_search%5Bwords_from%5D=&work_search%5Bwords_to%5D=&work_search%5Bdate_from%5D=&work_search%5Bdate_to%5D=&work_search%5Bquery%5D=&work_search%5Blanguage_id%5D=en&commit=Sort+and+Filter&tag_id=One+Piece
7829899,https://archiveofourown.org/works?utf8=%E2%9C%93&work_search%5Bsort_column%5D=hits&work_search%5Bother_tag_names%5D=&exclude_work_search%5Brating_ids%5D%5B%5D=13&exclude_work_search%5Brating_ids%5D%5B%5D=12&exclude_work_search%5Brating_ids%5D%5B%5D=9&work_search%5Bexcluded_tag_names%5D=&work_search%5Bcrossover%5D=F&work_search%5Bcomplete%5D=&work_search%5Bwords_from%5D=&work_search%5Bwords_to%5D=&work_search%5Bdate_from%5D=&work_search%5Bdate_to%5D=&work_search%5Bquery%5D=&work_search%5Blanguage_id%5D=en&commit=Sort+and+Filter&tag_id=One+Piece
14793995,https://archiveofourown.org/works?utf8=%E2%9C%93&work_search%5Bsort_column%5D=hits&work_search%5Bother_tag_names%5D=&exclude_work_search%5Brating_ids%5D%5B%5D=13&exclude_work_search%5Brating_ids%5D%5B%5D=12&exclude_work_search%5Brating_ids%5D%5B%5D=9&work_search%5Bexcluded_tag_names%5D=&work_search%5Bcrossover%5D=F&work_search%5Bcomplete%5D=&work_search%5Bwords_from%5D=&work_search%5Bwords_to%5D=&work_search%5Bdate_from%5D=&work_search%5Bdate_to%5D=&work_search%5Bquery%5D=&work_search%5Blanguage_id%5D=en&commit=Sort+and+Filter&tag_id=One+Piece
5317850,https://archiveofourown.org/works?utf8=%E2%9C%93&work_search%5Bsort_column%5D=hits&work_search%5Bother_tag_names%5D=&exclude_work_search%5Brating_ids%5D%5B%5D=13&exclude_work_search%5Brating_ids%5D%5B%5D=12&exclude_work_search%5Brating_ids%5D%5B%5D=9&work_search%5Bexcluded_tag_names%5D=&work_search%5Bcrossover%5D=F&work_search%5Bcomplete%5D=&work_search%5Bwords_from%5D=&work_search%5Bwords_to%5D=&work_search%5Bdate_from%5D=&work_search%5Bdate_to%5D=&work_search%5Bquery%5D=&work_search%5Blanguage_id%5D=en&commit=Sort+and+Filter&tag_id=One+Piece
447373,https://archiveofourown.org/works?utf8=%E2%9C%93&work_search%5Bsort_column%5D=hits&work_search%5Bother_tag_names%5D=&exclude_work_search%5Brating_ids%5D%5B%5D=13&exclude_work_search%5Brating_ids%5D%5B%5D=12&exclude_work_search%5Brating_ids%5D%5B%5D=9&work_search%5Bexcluded_tag_names%5D=&work_search%5Bcrossover%5D=F&work_search%5Bcomplete%5D=&work_search%5Bwords_from%5D=&work_search%5Bwords_to%5D=&work_search%5Bdate_from%5D=&work_search%5Bdate_to%5D=&work_search%5Bquery%5D=&work_search%5Blanguage_id%5D=en&commit=Sort+and+Filter&tag_id=Kuroko+no+Basuke+%7C+Kuroko%27s+Basketball
5335313,https://archiveofourown.org/works?utf8=%E2%9C%93&work_search%5Bsort_column%5D=hits&work_search%5Bother_tag_names%5D=&exclude_work_search%5Brating_ids%5D%5B%5D=13&exclude_work_search%5Brating_ids%5D%5B%5D=12&exclude_work_search%5Brating_ids%5D%5B%5D=9&work_search%5Bexcluded_tag_names%5D=&work_search%5Bcrossover%5D=F&work_search%5Bcomplete%5D=&work_search%5Bwords_from%5D=&work_search%5Bwords_to%5D=&work_search%5Bdate_from%5D=&work_search%5Bdate_to%5D=&work_search%5Bquery%5D=&work_search%5Blanguage_id%5D=en&commit=Sort+and+Filter&tag_id=Kuroko+no+Basuke+%7C+Kuroko%27s+Basketball
701694,https://archiveofourown.org/works?utf8=%E2%9C%93&work_search%5Bsort_column%5D=hits&work_search%5Bother_tag_names%5D=&exclude_work_search%5Brating_ids%5D%5B%5D=13&exclude_work_search%5Brating_ids%5D%5B%5D=12&exclude_work_search%5Brating_ids%5D%5B%5D=9&work_search%5Bexcluded_tag_names%5D=&work_search%5Bcrossover%5D=F&work_search%5Bcomplete%5D=&work_search%5Bwords_from%5D=&work_search%5Bwords_to%5D=&work_search%5Bdate_from%5D=&work_search%5Bdate_to%5D=&work_search%5Bquery%5D=&work_search%5Blanguage_id%5D=en&commit=Sort+and+Filter&tag_id=Kuroko+no+Basuke+%7C+Kuroko%27s+Basketball
587995,https://archiveofourown.org/works?utf8=%E2%9C%93&work_search%5Bsort_column%5D=hits&work_search%5Bother_tag_names%5D=&exclude_work_search%5Brating_ids%5D%5B%5D=13&exclude_work_search%5Brating_ids%5D%5B%5D=12&exclude_work_search%5Brating_ids%5D%5B%5D=9&work_search%5Bexcluded_tag_names%5D=&work_search%5Bcrossover%5D=F&work_search%5Bcomplete%5D=&work_search%5Bwords_from%5D=&work_search%5Bwords_to%5D=&work_search%5Bdate_from%5D=&work_search%5Bdate_to%5D=&work_search%5Bquery%5D=&work_search%5Blanguage_id%5D=en&commit=Sort+and+Filter&tag_id=Kuroko+no+Basuke+%7C+Kuroko%27s+Basketball
1175992,https://archiveofourown.org/works?utf8=%E2%9C%93&work_search%5Bsort_column%5D=hits&work_search%5Bother_tag_names%5D=&exclude_work_search%5Brating_ids%5D%5B%5D=13&exclude_work_search%5Brating_ids%5D%5B%5D=12&exclude_work_search%5Brating_ids%5D%5B%5D=9&work_search%5Bexcluded_tag_names%5D=&work_search%5Bcrossover%5D=F&work_search%5Bcomplete%5D=&work_search%5Bwords_from%5D=&work_search%5Bwords_to%5D=&work_search%5Bdate_from%5D=&work_search%5Bdate_to%5D=&work_search%5Bquery%5D=&work_search%5Blanguage_id%5D=en&commit=Sort+and+Filter&tag_id=Kuroko+no+Basuke+%7C+Kuroko%27s+Basketball
960252,https://archiveofourown.org/works?utf8=%E2%9C%93&work_search%5Bsort_column%5D=hits&work_search%5Bother_tag_names%5D=&exclude_work_search%5Brating_ids%5D%5B%5D=13&exclude_work_search%5Brating_ids%5D%5B%5D=12&exclude_work_search%5Brating_ids%5D%5B%5D=9&work_search%5Bexcluded_tag_names%5D=&work_search%5Bcrossover%5D=F&work_search%5Bcomplete%5D=&work_search%5Bwords_from%5D=&work_search%5Bwords_to%5D=&work_search%5Bdate_from%5D=&work_search%5Bdate_to%5D=&work_search%5Bquery%5D=&work_search%5Blanguage_id%5D=en&commit=Sort+and+Filter&tag_id=Free%21
1047479,https://archiveofourown.org/works?utf8=%E2%9C%93&work_search%5Bsort_column%5D=hits&work_search%5Bother_tag_names%5D=&exclude_work_search%5Brating_ids%5D%5B%5D=13&exclude_work_search%5Brating_ids%5D%5B%5D=12&exclude_work_search%5Brating_ids%5D%5B%5D=9&work_search%5Bexcluded_tag_names%5D=&work_search%5Bcrossover%5D=F&work_search%5Bcomplete%5D=&work_search%5Bwords_from%5D=&work_search%5Bwords_to%5D=&work_search%5Bdate_from%5D=&work_search%5Bdate_to%5D=&work_search%5Bquery%5D=&work_search%5Blanguage_id%5D=en&commit=Sort+and+Filter&tag_id=Free%21
1856572,https://archiveofourown.org/works?utf8=%E2%9C%93&work_search%5Bsort_column%5D=hits&work_search%5Bother_tag_names%5D=&exclude_work_search%5Brating_ids%5D%5B%5D=13&exclude_work_search%5Brating_ids%5D%5B%5D=12&exclude_work_search%5Brating_ids%5D%5B%5D=9&work_search%5Bexcluded_tag_names%5D=&work_search%5Bcrossover%5D=F&work_search%5Bcomplete%5D=&work_search%5Bwords_from%5D=&work_search%5Bwords_to%5D=&work_search%5Bdate_from%5D=&work_search%5Bdate_to%5D=&work_search%5Bquery%5D=&work_search%5Blanguage_id%5D=en&commit=Sort+and+Filter&tag_id=Free%21
1366411,https://archiveofourown.org/works?utf8=%E2%9C%93&work_search%5Bsort_column%5D=hits&work_search%5Bother_tag_names%5D=&exclude_work_search%5Brating_ids%5D%5B%5D=13&exclude_work_search%5Brating_ids%5D%5B%5D=12&exclude_work_search%5Brating_ids%5D%5B%5D=9&work_search%5Bexcluded_tag_names%5D=&work_search%5Bcrossover%5D=F&work_search%5Bcomplete%5D=&work_search%5Bwords_from%5D=&work_search%5Bwords_to%5D=&work_search%5Bdate_from%5D=&work_search%5Bdate_to%5D=&work_search%5Bquery%5D=&work_search%5Blanguage_id%5D=en&commit=Sort+and+Filter&tag_id=Free%21
1035450,https://archiveofourown.org/works?utf8=%E2%9C%93&work_search%5Bsort_column%5D=hits&work_search%5Bother_tag_names%5D=&exclude_work_search%5Brating_ids%5D%5B%5D=13&exclude_work_search%5Brating_ids%5D%5B%5D=12&exclude_work_search%5Brating_ids%5D%5B%5D=9&work_search%5Bexcluded_tag_names%5D=&work_search%5Bcrossover%5D=F&work_search%5Bcomplete%5D=&work_search%5Bwords_from%5D=&work_search%5Bwords_to%5D=&work_search%5Bdate_from%5D=&work_search%5Bdate_to%5D=&work_search%5Bquery%5D=&work_search%5Blanguage_id%5D=en&commit=Sort+and+Filter&tag_id=Free%21
855577,https://archiveofourown.org/works?utf8=%E2%9C%93&work_search%5Bsort_column%5D=hits&work_search%5Bother_tag_names%5D=&exclude_work_search%5Brating_ids%5D%5B%5D=13&exclude_work_search%5Brating_ids%5D%5B%5D=12&exclude_work_search%5Brating_ids%5D%5B%5D=9&work_search%5Bexcluded_tag_names%5D=&work_search%5Bcrossover%5D=F&work_search%5Bcomplete%5D=&work_search%5Bwords_from%5D=&work_search%5Bwords_to%5D=&work_search%5Bdate_from%5D=&work_search%5Bdate_to%5D=&work_search%5Bquery%5D=&work_search%5Blanguage_id%5D=en&commit=Sort+and+Filter&tag_id=Bleach
1603463,https://archiveofourown.org/works?utf8=%E2%9C%93&work_search%5Bsort_column%5D=hits&work_search%5Bother_tag_names%5D=&exclude_work_search%5Brating_ids%5D%5B%5D=13&exclude_work_search%5Brating_ids%5D%5B%5D=12&exclude_work_search%5Brating_ids%5D%5B%5D=9&work_search%5Bexcluded_tag_names%5D=&work_search%5Bcrossover%5D=F&work_search%5Bcomplete%5D=&work_search%5Bwords_from%5D=&work_search%5Bwords_to%5D=&work_search%5Bdate_from%5D=&work_search%5Bdate_to%5D=&work_search%5Bquery%5D=&work_search%5Blanguage_id%5D=en&commit=Sort+and+Filter&tag_id=Bleach
8675872,https://archiveofourown.org/works?utf8=%E2%9C%93&work_search%5Bsort_column%5D=hits&work_search%5Bother_tag_names%5D=&exclude_work_search%5Brating_ids%5D%5B%5D=13&exclude_work_search%5Brating_ids%5D%5B%5D=12&exclude_work_search%5Brating_ids%5D%5B%5D=9&work_search%5Bexcluded_tag_names%5D=&work_search%5Bcrossover%5D=F&work_search%5Bcomplete%5D=&work_search%5Bwords_from%5D=&work_search%5Bwords_to%5D=&work_search%5Bdate_from%5D=&work_search%5Bdate_to%5D=&work_search%5Bquery%5D=&work_search%5Blanguage_id%5D=en&commit=Sort+and+Filter&tag_id=Bleach
3187883,https://archiveofourown.org/works?utf8=%E2%9C%93&work_search%5Bsort_column%5D=hits&work_search%5Bother_tag_names%5D=&exclude_work_search%5Brating_ids%5D%5B%5D=13&exclude_work_search%5Brating_ids%5D%5B%5D=12&exclude_work_search%5Brating_ids%5D%5B%5D=9&work_search%5Bexcluded_tag_names%5D=&work_search%5Bcrossover%5D=F&work_search%5Bcomplete%5D=&work_search%5Bwords_from%5D=&work_search%5Bwords_to%5D=&work_search%5Bdate_from%5D=&work_search%5Bdate_to%5D=&work_search%5Bquery%5D=&work_search%5Blanguage_id%5D=en&commit=Sort+and+Filter&tag_id=Bleach
4591674,https://archiveofourown.org/works?utf8=%E2%9C%93&work_search%5Bsort_column%5D=hits&work_search%5Bother_tag_names%5D=&exclude_work_search%5Brating_ids%5D%5B%5D=13&exclude_work_search%5Brating_ids%5D%5B%5D=12&exclude_work_search%5Brating_ids%5D%5B%5D=9&work_search%5Bexcluded_tag_names%5D=&work_search%5Bcrossover%5D=F&work_search%5Bcomplete%5D=&work_search%5Bwords_from%5D=&work_search%5Bwords_to%5D=&work_search%5Bdate_from%5D=&work_search%5Bdate_to%5D=&work_search%5Bquery%5D=&work_search%5Blanguage_id%5D=en&commit=Sort+and+Filter&tag_id=Bleach
977170,https://archiveofourown.org/works?utf8=%E2%9C%93&work_search%5Bsort_column%5D=hits&work_search%5Bother_tag_names%5D=&exclude_work_search%5Brating_ids%5D%5B%5D=13&exclude_work_search%5Brating_ids%5D%5B%5D=12&exclude_work_search%5Brating_ids%5D%5B%5D=9&work_search%5Bexcluded_tag_names%5D=&work_search%5Bcrossover%5D=F&work_search%5Bcomplete%5D=&work_search%5Bwords_from%5D=&work_search%5Bwords_to%5D=&work_search%5Bdate_from%5D=&work_search%5Bdate_to%5D=&work_search%5Bquery%5D=&work_search%5Blanguage_id%5D=en&commit=Sort+and+Filter&tag_id=Fairy+Tail
22493011,https://archiveofourown.org/works?utf8=%E2%9C%93&work_search%5Bsort_column%5D=hits&work_search%5Bother_tag_names%5D=&exclude_work_search%5Brating_ids%5D%5B%5D=13&exclude_work_search%5Brating_ids%5D%5B%5D=12&exclude_work_search%5Brating_ids%5D%5B%5D=9&work_search%5Bexcluded_tag_names%5D=&work_search%5Bcrossover%5D=F&work_search%5Bcomplete%5D=&work_search%5Bwords_from%5D=&work_search%5Bwords_to%5D=&work_search%5Bdate_from%5D=&work_search%5Bdate_to%5D=&work_search%5Bquery%5D=&work_search%5Blanguage_id%5D=en&commit=Sort+and+Filter&tag_id=Fairy+Tail
16936929,https://archiveofourown.org/works?utf8=%E2%9C%93&work_search%5Bsort_column%5D=hits&work_search%5Bother_tag_names%5D=&exclude_work_search%5Brating_ids%5D%5B%5D=13&exclude_work_search%5Brating_ids%5D%5B%5D=12&exclude_work_search%5Brating_ids%5D%5B%5D=9&work_search%5Bexcluded_tag_names%5D=&work_search%5Bcrossover%5D=F&work_search%5Bcomplete%5D=&work_search%5Bwords_from%5D=&work_search%5Bwords_to%5D=&work_search%5Bdate_from%5D=&work_search%5Bdate_to%5D=&work_search%5Bquery%5D=&work_search%5Blanguage_id%5D=en&commit=Sort+and+Filter&tag_id=Fairy+Tail
2216004,https://archiveofourown.org/works?utf8=%E2%9C%93&work_search%5Bsort_column%5D=hits&work_search%5Bother_tag_names%5D=&exclude_work_search%5Brating_ids%5D%5B%5D=13&exclude_work_search%5Brating_ids%5D%5B%5D=12&exclude_work_search%5Brating_ids%5D%5B%5D=9&work_search%5Bexcluded_tag_names%5D=&work_search%5Bcrossover%5D=F&work_search%5Bcomplete%5D=&work_search%5Bwords_from%5D=&work_search%5Bwords_to%5D=&work_search%5Bdate_from%5D=&work_search%5Bdate_to%5D=&work_search%5Bquery%5D=&work_search%5Blanguage_id%5D=en&commit=Sort+and+Filter&tag_id=Fairy+Tail
4701374,https://archiveofourown.org/works?utf8=%E2%9C%93&work_search%5Bsort_column%5D=hits&work_search%5Bother_tag_names%5D=&exclude_work_search%5Brating_ids%5D%5B%5D=13&exclude_work_search%5Brating_ids%5D%5B%5D=12&exclude_work_search%5Brating_ids%5D%5B%5D=9&work_search%5Bexcluded_tag_names%5D=&work_search%5Bcrossover%5D=F&work_search%5Bcomplete%5D=&work_search%5Bwords_from%5D=&work_search%5Bwords_to%5D=&work_search%5Bdate_from%5D=&work_search%5Bdate_to%5D=&work_search%5Bquery%5D=&work_search%5Blanguage_id%5D=en&commit=Sort+and+Filter&tag_id=Fairy+Tail
10517349,https://archiveofourown.org/works?utf8=%E2%9C%93&work_search%5Bsort_column%5D=hits&work_search%5Bother_tag_names%5D=&exclude_work_search%5Brating_ids%5D%5B%5D=13&exclude_work_search%5Brating_ids%5D%5B%5D=12&exclude_work_search%5Brating_ids%5D%5B%5D=9&work_search%5Bexcluded_tag_names%5D=&work_search%5Bcrossover%5D=F&work_search%5Bcomplete%5D=&work_search%5Bwords_from%5D=&work_search%5Bwords_to%5D=&work_search%5Bdate_from%5D=&work_search%5Bdate_to%5D=&work_search%5Bquery%5D=&work_search%5Blanguage_id%5D=en&commit=Sort+and+Filter&tag_id=New+Dangan+Ronpa+V3%3A+Everyone%27s+New+Semester+of+Killing
12471300,https://archiveofourown.org/works?utf8=%E2%9C%93&work_search%5Bsort_column%5D=hits&work_search%5Bother_tag_names%5D=&exclude_work_search%5Brating_ids%5D%5B%5D=13&exclude_work_search%5Brating_ids%5D%5B%5D=12&exclude_work_search%5Brating_ids%5D%5B%5D=9&work_search%5Bexcluded_tag_names%5D=&work_search%5Bcrossover%5D=F&work_search%5Bcomplete%5D=&work_search%5Bwords_from%5D=&work_search%5Bwords_to%5D=&work_search%5Bdate_from%5D=&work_search%5Bdate_to%5D=&work_search%5Bquery%5D=&work_search%5Blanguage_id%5D=en&commit=Sort+and+Filter&tag_id=New+Dangan+Ronpa+V3%3A+Everyone%27s+New+Semester+of+Killing
9670451,https://archiveofourown.org/works?utf8=%E2%9C%93&work_search%5Bsort_column%5D=hits&work_search%5Bother_tag_names%5D=&exclude_work_search%5Brating_ids%5D%5B%5D=13&exclude_work_search%5Brating_ids%5D%5B%5D=12&exclude_work_search%5Brating_ids%5D%5B%5D=9&work_search%5Bexcluded_tag_names%5D=&work_search%5Bcrossover%5D=F&work_search%5Bcomplete%5D=&work_search%5Bwords_from%5D=&work_search%5Bwords_to%5D=&work_search%5Bdate_from%5D=&work_search%5Bdate_to%5D=&work_search%5Bquery%5D=&work_search%5Blanguage_id%5D=en&commit=Sort+and+Filter&tag_id=New+Dangan+Ronpa+V3%3A+Everyone%27s+New+Semester+of+Killing
12810426,https://archiveofourown.org/works?utf8=%E2%9C%93&work_search%5Bsort_column%5D=hits&work_search%5Bother_tag_names%5D=&exclude_work_search%5Brating_ids%5D%5B%5D=13&exclude_work_search%5Brating_ids%5D%5B%5D=12&exclude_work_search%5Brating_ids%5D%5B%5D=9&work_search%5Bexcluded_tag_names%5D=&work_search%5Bcrossover%5D=F&work_search%5Bcomplete%5D=&work_search%5Bwords_from%5D=&work_search%5Bwords_to%5D=&work_search%5Bdate_from%5D=&work_search%5Bdate_to%5D=&work_search%5Bquery%5D=&work_search%5Blanguage_id%5D=en&commit=Sort+and+Filter&tag_id=New+Dangan+Ronpa+V3%3A+Everyone%27s+New+Semester+of+Killing
15835206,https://archiveofourown.org/works?utf8=%E2%9C%93&work_search%5Bsort_column%5D=hits&work_search%5Bother_tag_names%5D=&exclude_work_search%5Brating_ids%5D%5B%5D=13&exclude_work_search%5Brating_ids%5D%5B%5D=12&exclude_work_search%5Brating_ids%5D%5B%5D=9&work_search%5Bexcluded_tag_names%5D=&work_search%5Bcrossover%5D=F&work_search%5Bcomplete%5D=&work_search%5Bwords_from%5D=&work_search%5Bwords_to%5D=&work_search%5Bdate_from%5D=&work_search%5Bdate_to%5D=&work_search%5Bquery%5D=&work_search%5Blanguage_id%5D=en&commit=Sort+and+Filter&tag_id=New+Dangan+Ronpa+V3%3A+Everyone%27s+New+Semester+of+Killing
3172942,https://archiveofourown.org/works?utf8=%E2%9C%93&work_search%5Bsort_column%5D=hits&work_search%5Bother_tag_names%5D=&exclude_work_search%5Brating_ids%5D%5B%5D=13&exclude_work_search%5Brating_ids%5D%5B%5D=12&exclude_work_search%5Brating_ids%5D%5B%5D=9&work_search%5Bexcluded_tag_names%5D=&work_search%5Bcrossover%5D=F&work_search%5Bcomplete%5D=&work_search%5Bwords_from%5D=&work_search%5Bwords_to%5D=&work_search%5Bdate_from%5D=&work_search%5Bdate_to%5D=&work_search%5Bquery%5D=&work_search%5Blanguage_id%5D=en&commit=Sort+and+Filter&tag_id=Katekyou+Hitman+Reborn%21
4019824,https://archiveofourown.org/works?utf8=%E2%9C%93&work_search%5Bsort_column%5D=hits&work_search%5Bother_tag_names%5D=&exclude_work_search%5Brating_ids%5D%5B%5D=13&exclude_work_search%5Brating_ids%5D%5B%5D=12&exclude_work_search%5Brating_ids%5D%5B%5D=9&work_search%5Bexcluded_tag_names%5D=&work_search%5Bcrossover%5D=F&work_search%5Bcomplete%5D=&work_search%5Bwords_from%5D=&work_search%5Bwords_to%5D=&work_search%5Bdate_from%5D=&work_search%5Bdate_to%5D=&work_search%5Bquery%5D=&work_search%5Blanguage_id%5D=en&commit=Sort+and+Filter&tag_id=Katekyou+Hitman+Reborn%21
5645389,https://archiveofourown.org/works?utf8=%E2%9C%93&work_search%5Bsort_column%5D=hits&work_search%5Bother_tag_names%5D=&exclude_work_search%5Brating_ids%5D%5B%5D=13&exclude_work_search%5Brating_ids%5D%5B%5D=12&exclude_work_search%5Brating_ids%5D%5B%5D=9&work_search%5Bexcluded_tag_names%5D=&work_search%5Bcrossover%5D=F&work_search%5Bcomplete%5D=&work_search%5Bwords_from%5D=&work_search%5Bwords_to%5D=&work_search%5Bdate_from%5D=&work_search%5Bdate_to%5D=&work_search%5Bquery%5D=&work_search%5Blanguage_id%5D=en&commit=Sort+and+Filter&tag_id=Katekyou+Hitman+Reborn%21
2555606,https://archiveofourown.org/works?utf8=%E2%9C%93&work_search%5Bsort_column%5D=hits&work_search%5Bother_tag_names%5D=&exclude_work_search%5Brating_ids%5D%5B%5D=13&exclude_work_search%5Brating_ids%5D%5B%5D=12&exclude_work_search%5Brating_ids%5D%5B%5D=9&work_search%5Bexcluded_tag_names%5D=&work_search%5Bcrossover%5D=F&work_search%5Bcomplete%5D=&work_search%5Bwords_from%5D=&work_search%5Bwords_to%5D=&work_search%5Bdate_from%5D=&work_search%5Bdate_to%5D=&work_search%5Bquery%5D=&work_search%5Blanguage_id%5D=en&commit=Sort+and+Filter&tag_id=Katekyou+Hitman+Reborn%21
3217586,https://archiveofourown.org/works?utf8=%E2%9C%93&work_search%5Bsort_column%5D=hits&work_search%5Bother_tag_names%5D=&exclude_work_search%5Brating_ids%5D%5B%5D=13&exclude_work_search%5Brating_ids%5D%5B%5D=12&exclude_work_search%5Brating_ids%5D%5B%5D=9&work_search%5Bexcluded_tag_names%5D=&work_search%5Bcrossover%5D=F&work_search%5Bcomplete%5D=&work_search%5Bwords_from%5D=&work_search%5Bwords_to%5D=&work_search%5Bdate_from%5D=&work_search%5Bdate_to%5D=&work_search%5Bquery%5D=&work_search%5Blanguage_id%5D=en&commit=Sort+and+Filter&tag_id=Katekyou+Hitman+Reborn%21
10498908,https://archiveofourown.org/works?utf8=%E2%9C%93&work_search%5Bsort_column%5D=hits&work_search%5Bother_tag_names%5D=&exclude_work_search%5Brating_ids%5D%5B%5D=13&exclude_work_search%5Brating_ids%5D%5B%5D=12&exclude_work_search%5Brating_ids%5D%5B%5D=9&work_search%5Bexcluded_tag_names%5D=&work_search%5Bcrossover%5D=F&work_search%5Bcomplete%5D=&work_search%5Bwords_from%5D=&work_search%5Bwords_to%5D=&work_search%5Bdate_from%5D=&work_search%5Bdate_to%5D=&work_search%5Bquery%5D=&work_search%5Blanguage_id%5D=en&commit=Sort+and+Filter&tag_id=Yu-Gi-Oh%21+Duel+Monsters+%28Anime+%26amp%3B+Manga%29
438243,https://archiveofourown.org/works?utf8=%E2%9C%93&work_search%5Bsort_column%5D=hits&work_search%5Bother_tag_names%5D=&exclude_work_search%5Brating_ids%5D%5B%5D=13&exclude_work_search%5Brating_ids%5D%5B%5D=12&exclude_work_search%5Brating_ids%5D%5B%5D=9&work_search%5Bexcluded_tag_names%5D=&work_search%5Bcrossover%5D=F&work_search%5Bcomplete%5D=&work_search%5Bwords_from%5D=&work_search%5Bwords_to%5D=&work_search%5Bdate_from%5D=&work_search%5Bdate_to%5D=&work_search%5Bquery%5D=&work_search%5Blanguage_id%5D=en&commit=Sort+and+Filter&tag_id=Yu-Gi-Oh%21+Duel+Monsters+%28Anime+%26amp%3B+Manga%29
6956008,https://archiveofourown.org/works?utf8=%E2%9C%93&work_search%5Bsort_column%5D=hits&work_search%5Bother_tag_names%5D=&exclude_work_search%5Brating_ids%5D%5B%5D=13&exclude_work_search%5Brating_ids%5D%5B%5D=12&exclude_work_search%5Brating_ids%5D%5B%5D=9&work_search%5Bexcluded_tag_names%5D=&work_search%5Bcrossover%5D=F&work_search%5Bcomplete%5D=&work_search%5Bwords_from%5D=&work_search%5Bwords_to%5D=&work_search%5Bdate_from%5D=&work_search%5Bdate_to%5D=&work_search%5Bquery%5D=&work_search%5Blanguage_id%5D=en&commit=Sort+and+Filter&tag_id=Yu-Gi-Oh%21+Duel+Monsters+%28Anime+%26amp%3B+Manga%29
1020809,https://archiveofourown.org/works?utf8=%E2%9C%93&work_search%5Bsort_column%5D=hits&work_search%5Bother_tag_names%5D=&exclude_work_search%5Brating_ids%5D%5B%5D=13&exclude_work_search%5Brating_ids%5D%5B%5D=12&exclude_work_search%5Brating_ids%5D%5B%5D=9&work_search%5Bexcluded_tag_names%5D=&work_search%5Bcrossover%5D=F&work_search%5Bcomplete%5D=&work_search%5Bwords_from%5D=&work_search%5Bwords_to%5D=&work_search%5Bdate_from%5D=&work_search%5Bdate_to%5D=&work_search%5Bquery%5D=&work_search%5Blanguage_id%5D=en&commit=Sort+and+Filter&tag_id=Yu-Gi-Oh%21+Duel+Monsters+%28Anime+%26amp%3B+Manga%29
19331713,https://archiveofourown.org/works?utf8=%E2%9C%93&work_search%5Bsort_column%5D=hits&work_search%5Bother_tag_names%5D=&exclude_work_search%5Brating_ids%5D%5B%5D=13&exclude_work_search%5Brating_ids%5D%5B%5D=12&exclude_work_search%5Brating_ids%5D%5B%5D=9&work_search%5Bexcluded_tag_names%5D=&work_search%5Bcrossover%5D=F&work_search%5Bcomplete%5D=&work_search%5Bwords_from%5D=&work_search%5Bwords_to%5D=&work_search%5Bdate_from%5D=&work_search%5Bdate_to%5D=&work_search%5Bquery%5D=&work_search%5Blanguage_id%5D=en&commit=Sort+and+Filter&tag_id=Yu-Gi-Oh%21+Duel+Monsters+%28Anime+%26amp%3B+Manga%29
1218958,https://archiveofourown.org/works?utf8=%E2%9C%93&work_search%5Bsort_column%5D=hits&work_search%5Bother_tag_names%5D=&exclude_work_search%5Brating_ids%5D%5B%5D=13&exclude_work_search%5Brating_ids%5D%5B%5D=12&exclude_work_search%5Brating_ids%5D%5B%5D=9&work_search%5Bexcluded_tag_names%5D=&work_search%5Bcrossover%5D=F&work_search%5Bcomplete%5D=&work_search%5Bwords_from%5D=&work_search%5Bwords_to%5D=&work_search%5Bdate_from%5D=&work_search%5Bdate_to%5D=&work_search%5Bquery%5D=&work_search%5Blanguage_id%5D=en&commit=Sort+and+Filter&tag_id=Hunter+X+Hunter
9663233,https://archiveofourown.org/works?utf8=%E2%9C%93&work_search%5Bsort_column%5D=hits&work_search%5Bother_tag_names%5D=&exclude_work_search%5Brating_ids%5D%5B%5D=13&exclude_work_search%5Brating_ids%5D%5B%5D=12&exclude_work_search%5Brating_ids%5D%5B%5D=9&work_search%5Bexcluded_tag_names%5D=&work_search%5Bcrossover%5D=F&work_search%5Bcomplete%5D=&work_search%5Bwords_from%5D=&work_search%5Bwords_to%5D=&work_search%5Bdate_from%5D=&work_search%5Bdate_to%5D=&work_search%5Bquery%5D=&work_search%5Blanguage_id%5D=en&commit=Sort+and+Filter&tag_id=Hunter+X+Hunter
364757,https://archiveofourown.org/works?utf8=%E2%9C%93&work_search%5Bsort_column%5D=hits&work_search%5Bother_tag_names%5D=&exclude_work_search%5Brating_ids%5D%5B%5D=13&exclude_work_search%5Brating_ids%5D%5B%5D=12&exclude_work_search%5Brating_ids%5D%5B%5D=9&work_search%5Bexcluded_tag_names%5D=&work_search%5Bcrossover%5D=F&work_search%5Bcomplete%5D=&work_search%5Bwords_from%5D=&work_search%5Bwords_to%5D=&work_search%5Bdate_from%5D=&work_search%5Bdate_to%5D=&work_search%5Bquery%5D=&work_search%5Blanguage_id%5D=en&commit=Sort+and+Filter&tag_id=Hunter+X+Hunter
1833439,https://archiveofourown.org/works?utf8=%E2%9C%93&work_search%5Bsort_column%5D=hits&work_search%5Bother_tag_names%5D=&exclude_work_search%5Brating_ids%5D%5B%5D=13&exclude_work_search%5Brating_ids%5D%5B%5D=12&exclude_work_search%5Brating_ids%5D%5B%5D=9&work_search%5Bexcluded_tag_names%5D=&work_search%5Bcrossover%5D=F&work_search%5Bcomplete%5D=&work_search%5Bwords_from%5D=&work_search%5Bwords_to%5D=&work_search%5Bdate_from%5D=&work_search%5Bdate_to%5D=&work_search%5Bquery%5D=&work_search%5Blanguage_id%5D=en&commit=Sort+and+Filter&tag_id=Hunter+X+Hunter
5301962,https://archiveofourown.org/works?utf8=%E2%9C%93&work_search%5Bsort_column%5D=hits&work_search%5Bother_tag_names%5D=&exclude_work_search%5Brating_ids%5D%5B%5D=13&exclude_work_search%5Brating_ids%5D%5B%5D=12&exclude_work_search%5Brating_ids%5D%5B%5D=9&work_search%5Bexcluded_tag_names%5D=&work_search%5Bcrossover%5D=F&work_search%5Bcomplete%5D=&work_search%5Bwords_from%5D=&work_search%5Bwords_to%5D=&work_search%5Bdate_from%5D=&work_search%5Bdate_to%5D=&work_search%5Bquery%5D=&work_search%5Blanguage_id%5D=en&commit=Sort+and+Filter&tag_id=Hunter+X+Hunter
7041868,https://archiveofourown.org/works?utf8=%E2%9C%93&work_search%5Bsort_column%5D=hits&work_search%5Bother_tag_names%5D=&exclude_work_search%5Brating_ids%5D%5B%5D=13&exclude_work_search%5Brating_ids%5D%5B%5D=12&exclude_work_search%5Brating_ids%5D%5B%5D=9&work_search%5Bexcluded_tag_names%5D=&work_search%5Bcrossover%5D=F&work_search%5Bcomplete%5D=&work_search%5Bwords_from%5D=&work_search%5Bwords_to%5D=&work_search%5Bdate_from%5D=&work_search%5Bdate_to%5D=&work_search%5Bquery%5D=&work_search%5Blanguage_id%5D=en&commit=Sort+and+Filter&tag_id=Dragon+Ball
13445664,https://archiveofourown.org/works?utf8=%E2%9C%93&work_search%5Bsort_column%5D=hits&work_search%5Bother_tag_names%5D=&exclude_work_search%5Brating_ids%5D%5B%5D=13&exclude_work_search%5Brating_ids%5D%5B%5D=12&exclude_work_search%5Brating_ids%5D%5B%5D=9&work_search%5Bexcluded_tag_names%5D=&work_search%5Bcrossover%5D=F&work_search%5Bcomplete%5D=&work_search%5Bwords_from%5D=&work_search%5Bwords_to%5D=&work_search%5Bdate_from%5D=&work_search%5Bdate_to%5D=&work_search%5Bquery%5D=&work_search%5Blanguage_id%5D=en&commit=Sort+and+Filter&tag_id=Dragon+Ball
4469405,https://archiveofourown.org/works?utf8=%E2%9C%93&work_search%5Bsort_column%5D=hits&work_search%5Bother_tag_names%5D=&exclude_work_search%5Brating_ids%5D%5B%5D=13&exclude_work_search%5Brating_ids%5D%5B%5D=12&exclude_work_search%5Brating_ids%5D%5B%5D=9&work_search%5Bexcluded_tag_names%5D=&work_search%5Bcrossover%5D=F&work_search%5Bcomplete%5D=&work_search%5Bwords_from%5D=&work_search%5Bwords_to%5D=&work_search%5Bdate_from%5D=&work_search%5Bdate_to%5D=&work_search%5Bquery%5D=&work_search%5Blanguage_id%5D=en&commit=Sort+and+Filter&tag_id=Dragon+Ball
4578873,https://archiveofourown.org/works?utf8=%E2%9C%93&work_search%5Bsort_column%5D=hits&work_search%5Bother_tag_names%5D=&exclude_work_search%5Brating_ids%5D%5B%5D=13&exclude_work_search%5Brating_ids%5D%5B%5D=12&exclude_work_search%5Brating_ids%5D%5B%5D=9&work_search%5Bexcluded_tag_names%5D=&work_search%5Bcrossover%5D=F&work_search%5Bcomplete%5D=&work_search%5Bwords_from%5D=&work_search%5Bwords_to%5D=&work_search%5Bdate_from%5D=&work_search%5Bdate_to%5D=&work_search%5Bquery%5D=&work_search%5Blanguage_id%5D=en&commit=Sort+and+Filter&tag_id=Dragon+Ball
4729772,https://archiveofourown.org/works?utf8=%E2%9C%93&work_search%5Bsort_column%5D=hits&work_search%5Bother_tag_names%5D=&exclude_work_search%5Brating_ids%5D%5B%5D=13&exclude_work_search%5Brating_ids%5D%5B%5D=12&exclude_work_search%5Brating_ids%5D%5B%5D=9&work_search%5Bexcluded_tag_names%5D=&work_search%5Bcrossover%5D=F&work_search%5Bcomplete%5D=&work_search%5Bwords_from%5D=&work_search%5Bwords_to%5D=&work_search%5Bdate_from%5D=&work_search%5Bdate_to%5D=&work_search%5Bquery%5D=&work_search%5Blanguage_id%5D=en&commit=Sort+and+Filter&tag_id=Dragon+Ball
4011292,https://archiveofourown.org/works?utf8=%E2%9C%93&work_search%5Bsort_column%5D=hits&work_search%5Bother_tag_names%5D=&exclude_work_search%5Brating_ids%5D%5B%5D=13&exclude_work_search%5Brating_ids%5D%5B%5D=12&exclude_work_search%5Brating_ids%5D%5B%5D=9&work_search%5Bexcluded_tag_names%5D=&work_search%5Bcrossover%5D=F&work_search%5Bcomplete%5D=&work_search%5Bwords_from%5D=&work_search%5Bwords_to%5D=&work_search%5Bdate_from%5D=&work_search%5Bdate_to%5D=&work_search%5Bquery%5D=&work_search%5Blanguage_id%5D=en&commit=Sort+and+Filter&tag_id=Fullmetal+Alchemist%3A+Brotherhood+%26amp%3B+Manga
4120198,https://archiveofourown.org/works?utf8=%E2%9C%93&work_search%5Bsort_column%5D=hits&work_search%5Bother_tag_names%5D=&exclude_work_search%5Brating_ids%5D%5B%5D=13&exclude_work_search%5Brating_ids%5D%5B%5D=12&exclude_work_search%5Brating_ids%5D%5B%5D=9&work_search%5Bexcluded_tag_names%5D=&work_search%5Bcrossover%5D=F&work_search%5Bcomplete%5D=&work_search%5Bwords_from%5D=&work_search%5Bwords_to%5D=&work_search%5Bdate_from%5D=&work_search%5Bdate_to%5D=&work_search%5Bquery%5D=&work_search%5Blanguage_id%5D=en&commit=Sort+and+Filter&tag_id=Fullmetal+Alchemist%3A+Brotherhood+%26amp%3B+Manga
9645587,https://archiveofourown.org/works?utf8=%E2%9C%93&work_search%5Bsort_column%5D=hits&work_search%5Bother_tag_names%5D=&exclude_work_search%5Brating_ids%5D%5B%5D=13&exclude_work_search%5Brating_ids%5D%5B%5D=12&exclude_work_search%5Brating_ids%5D%5B%5D=9&work_search%5Bexcluded_tag_names%5D=&work_search%5Bcrossover%5D=F&work_search%5Bcomplete%5D=&work_search%5Bwords_from%5D=&work_search%5Bwords_to%5D=&work_search%5Bdate_from%5D=&work_search%5Bdate_to%5D=&work_search%5Bquery%5D=&work_search%5Blanguage_id%5D=en&commit=Sort+and+Filter&tag_id=Fullmetal+Alchemist%3A+Brotherhood+%26amp%3B+Manga
2506151,https://archiveofourown.org/works?utf8=%E2%9C%93&work_search%5Bsort_column%5D=hits&work_search%5Bother_tag_names%5D=&exclude_work_search%5Brating_ids%5D%5B%5D=13&exclude_work_search%5Brating_ids%5D%5B%5D=12&exclude_work_search%5Brating_ids%5D%5B%5D=9&work_search%5Bexcluded_tag_names%5D=&work_search%5Bcrossover%5D=F&work_search%5Bcomplete%5D=&work_search%5Bwords_from%5D=&work_search%5Bwords_to%5D=&work_search%5Bdate_from%5D=&work_search%5Bdate_to%5D=&work_search%5Bquery%5D=&work_search%5Blanguage_id%5D=en&commit=Sort+and+Filter&tag_id=Fullmetal+Alchemist%3A+Brotherhood+%26amp%3B+Manga
2385116,https://archiveofourown.org/works?utf8=%E2%9C%93&work_search%5Bsort_column%5D=hits&work_search%5Bother_tag_names%5D=&exclude_work_search%5Brating_ids%5D%5B%5D=13&exclude_work_search%5Brating_ids%5D%5B%5D=12&exclude_work_search%5Brating_ids%5D%5B%5D=9&work_search%5Bexcluded_tag_names%5D=&work_search%5Bcrossover%5D=F&work_search%5Bcomplete%5D=&work_search%5Bwords_from%5D=&work_search%5Bwords_to%5D=&work_search%5Bdate_from%5D=&work_search%5Bdate_to%5D=&work_search%5Bquery%5D=&work_search%5Blanguage_id%5D=en&commit=Sort+and+Filter&tag_id=Fullmetal+Alchemist%3A+Brotherhood+%26amp%3B+Manga
349288,https://archiveofourown.org/works?utf8=%E2%9C%93&work_search%5Bsort_column%5D=hits&work_search%5Bother_tag_names%5D=&exclude_work_search%5Brating_ids%5D%5B%5D=13&exclude_work_search%5Brating_ids%5D%5B%5D=12&exclude_work_search%5Brating_ids%5D%5B%5D=9&work_search%5Bexcluded_tag_names%5D=&work_search%5Bcrossover%5D=F&work_search%5Bcomplete%5D=&work_search%5Bwords_from%5D=&work_search%5Bwords_to%5D=&work_search%5Bdate_from%5D=&work_search%5Bdate_to%5D=&work_search%5Bquery%5D=&work_search%5Blanguage_id%5D=en&commit=Sort+and+Filter&tag_id=Kuroshitsuji+%7C+Black+Butler
4609611,https://archiveofourown.org/works?utf8=%E2%9C%93&work_search%5Bsort_column%5D=hits&work_search%5Bother_tag_names%5D=&exclude_work_search%5Brating_ids%5D%5B%5D=13&exclude_work_search%5Brating_ids%5D%5B%5D=12&exclude_work_search%5Brating_ids%5D%5B%5D=9&work_search%5Bexcluded_tag_names%5D=&work_search%5Bcrossover%5D=F&work_search%5Bcomplete%5D=&work_search%5Bwords_from%5D=&work_search%5Bwords_to%5D=&work_search%5Bdate_from%5D=&work_search%5Bdate_to%5D=&work_search%5Bquery%5D=&work_search%5Blanguage_id%5D=en&commit=Sort+and+Filter&tag_id=Kuroshitsuji+%7C+Black+Butler
373250,https://archiveofourown.org/works?utf8=%E2%9C%93&work_search%5Bsort_column%5D=hits&work_search%5Bother_tag_names%5D=&exclude_work_search%5Brating_ids%5D%5B%5D=13&exclude_work_search%5Brating_ids%5D%5B%5D=12&exclude_work_search%5Brating_ids%5D%5B%5D=9&work_search%5Bexcluded_tag_names%5D=&work_search%5Bcrossover%5D=F&work_search%5Bcomplete%5D=&work_search%5Bwords_from%5D=&work_search%5Bwords_to%5D=&work_search%5Bdate_from%5D=&work_search%5Bdate_to%5D=&work_search%5Bquery%5D=&work_search%5Blanguage_id%5D=en&commit=Sort+and+Filter&tag_id=Kuroshitsuji+%7C+Black+Butler
428294,https://archiveofourown.org/works?utf8=%E2%9C%93&work_search%5Bsort_column%5D=hits&work_search%5Bother_tag_names%5D=&exclude_work_search%5Brating_ids%5D%5B%5D=13&exclude_work_search%5Brating_ids%5D%5B%5D=12&exclude_work_search%5Brating_ids%5D%5B%5D=9&work_search%5Bexcluded_tag_names%5D=&work_search%5Bcrossover%5D=F&work_search%5Bcomplete%5D=&work_search%5Bwords_from%5D=&work_search%5Bwords_to%5D=&work_search%5Bdate_from%5D=&work_search%5Bdate_to%5D=&work_search%5Bquery%5D=&work_search%5Blanguage_id%5D=en&commit=Sort+and+Filter&tag_id=Kuroshitsuji+%7C+Black+Butler
982567,https://archiveofourown.org/works?utf8=%E2%9C%93&work_search%5Bsort_column%5D=hits&work_search%5Bother_tag_names%5D=&exclude_work_search%5Brating_ids%5D%5B%5D=13&exclude_work_search%5Brating_ids%5D%5B%5D=12&exclude_work_search%5Brating_ids%5D%5B%5D=9&work_search%5Bexcluded_tag_names%5D=&work_search%5Bcrossover%5D=F&work_search%5Bcomplete%5D=&work_search%5Bwords_from%5D=&work_search%5Bwords_to%5D=&work_search%5Bdate_from%5D=&work_search%5Bdate_to%5D=&work_search%5Bquery%5D=&work_search%5Blanguage_id%5D=en&commit=Sort+and+Filter&tag_id=Kuroshitsuji+%7C+Black+Butler
