7841764,https://archiveofourown.org/works?utf8=%E2%9C%93&work_search%5Bsort_column%5D=hits&work_search%5Bother_tag_names%5D=&exclude_work_search%5Brating_ids%5D%5B%5D=13&exclude_work_search%5Brating_ids%5D%5B%5D=12&exclude_work_search%5Brating_ids%5D%5B%5D=9&work_search%5Bexcluded_tag_names%5D=&work_search%5Bcrossover%5D=F&work_search%5Bcomplete%5D=&work_search%5Bwords_from%5D=&work_search%5Bwords_to%5D=&work_search%5Bdate_from%5D=&work_search%5Bdate_to%5D=&work_search%5Bquery%5D=&work_search%5Blanguage_id%5D=en&commit=Sort+and+Filter&tag_id=Voltron%3A+Legendary+Defender
7566577,https://archiveofourown.org/works?utf8=%E2%9C%93&work_search%5Bsort_column%5D=hits&work_search%5Bother_tag_names%5D=&exclude_work_search%5Brating_ids%5D%5B%5D=13&exclude_work_search%5Brating_ids%5D%5B%5D=12&exclude_work_search%5Brating_ids%5D%5B%5D=9&work_search%5Bexcluded_tag_names%5D=&work_search%5Bcrossover%5D=F&work_search%5Bcomplete%5D=&work_search%5Bwords_from%5D=&work_search%5Bwords_to%5D=&work_search%5Bdate_from%5D=&work_search%5Bdate_to%5D=&work_search%5Bquery%5D=&work_search%5Blanguage_id%5D=en&commit=Sort+and+Filter&tag_id=Voltron%3A+Legendary+Defender
7374097,https://archiveofourown.org/works?utf8=%E2%9C%93&work_search%5Bsort_column%5D=hits&work_search%5Bother_tag_names%5D=&exclude_work_search%5Brating_ids%5D%5B%5D=13&exclude_work_search%5Brating_ids%5D%5B%5D=12&exclude_work_search%5Brating_ids%5D%5B%5D=9&work_search%5Bexcluded_tag_names%5D=&work_search%5Bcrossover%5D=F&work_search%5Bcomplete%5D=&work_search%5Bwords_from%5D=&work_search%5Bwords_to%5D=&work_search%5Bdate_from%5D=&work_search%5Bdate_to%5D=&work_search%5Bquery%5D=&work_search%5Blanguage_id%5D=en&commit=Sort+and+Filter&tag_id=Voltron%3A+Legendary+Defender
7813126,https://archiveofourown.org/works?utf8=%E2%9C%93&work_search%5Bsort_column%5D=hits&work_search%5Bother_tag_names%5D=&exclude_work_search%5Brating_ids%5D%5B%5D=13&exclude_work_search%5Brating_ids%5D%5B%5D=12&exclude_work_search%5Brating_ids%5D%5B%5D=9&work_search%5Bexcluded_tag_names%5D=&work_search%5Bcrossover%5D=F&work_search%5Bcomplete%5D=&work_search%5Bwords_from%5D=&work_search%5Bwords_to%5D=&work_search%5Bdate_from%5D=&work_search%5Bdate_to%5D=&work_search%5Bquery%5D=&work_search%5Blanguage_id%5D=en&commit=Sort+and+Filter&tag_id=Voltron%3A+Legendary+Defender
7332586,https://archiveofourown.org/works?utf8=%E2%9C%93&work_search%5Bsort_column%5D=hits&work_search%5Bother_tag_names%5D=&exclude_work_search%5Brating_ids%5D%5B%5D=13&exclude_work_search%5Brating_ids%5D%5B%5D=12&exclude_work_search%5Brating_ids%5D%5B%5D=9&work_search%5Bexcluded_tag_names%5D=&work_search%5Bcrossover%5D=F&work_search%5Bcomplete%5D=&work_search%5Bwords_from%5D=&work_search%5Bwords_to%5D=&work_search%5Bdate_from%5D=&work_search%5Bdate_to%5D=&work_search%5Bquery%5D=&work_search%5Blanguage_id%5D=en&commit=Sort+and+Filter&tag_id=Voltron%3A+Legendary+Defender
22810402,https://archiveofourown.org/works?utf8=%E2%9C%93&work_search%5Bsort_column%5D=hits&work_search%5Bother_tag_names%5D=&exclude_work_search%5Brating_ids%5D%5B%5D=13&exclude_work_search%5Brating_ids%5D%5B%5D=12&exclude_work_search%5Brating_ids%5D%5B%5D=9&work_search%5Bexcluded_tag_names%5D=&work_search%5Bcrossover%5D=F&work_search%5Bcomplete%5D=&work_search%5Bwords_from%5D=&work_search%5Bwords_to%5D=&work_search%5Bdate_from%5D=&work_search%5Bdate_to%5D=&work_search%5Bquery%5D=&work_search%5Blanguage_id%5D=en&commit=Sort+and+Filter&tag_id=DCU+%28Comics%29
6521878,https://archiveofourown.org/works?utf8=%E2%9C%93&work_search%5Bsort_column%5D=hits&work_search%5Bother_tag_names%5D=&exclude_work_search%5Brating_ids%5D%5B%5D=13&exclude_work_search%5Brating_ids%5D%5B%5D=12&exclude_work_search%5Brating_ids%5D%5B%5D=9&work_search%5Bexcluded_tag_names%5D=&work_search%5Bcrossover%5D=F&work_search%5Bcomplete%5D=&work_search%5Bwords_from%5D=&work_search%5Bwords_to%5D=&work_search%5Bdate_from%5D=&work_search%5Bdate_to%5D=&work_search%5Bquery%5D=&work_search%5Blanguage_id%5D=en&commit=Sort+and+Filter&tag_id=DCU+%28Comics%29
17470088,https://archiveofourown.org/works?utf8=%E2%9C%93&work_search%5Bsort_column%5D=hits&work_search%5Bother_tag_names%5D=&exclude_work_search%5Brating_ids%5D%5B%5D=13&exclude_work_search%5Brating_ids%5D%5B%5D=12&exclude_work_search%5Brating_ids%5D%5B%5D=9&work_search%5Bexcluded_tag_names%5D=&work_search%5Bcrossover%5D=F&work_search%5Bcomplete%5D=&work_search%5Bwords_from%5D=&work_search%5Bwords_to%5D=&work_search%5Bdate_from%5D=&work_search%5Bdate_to%5D=&work_search%5Bquery%5D=&work_search%5Blanguage_id%5D=en&commit=Sort+and+Filter&tag_id=DCU+%28Comics%29
12568920,https://archiveofourown.org/works?utf8=%E2%9C%93&work_search%5Bsort_column%5D=hits&work_search%5Bother_tag_names%5D=&exclude_work_search%5Brating_ids%5D%5B%5D=13&exclude_work_search%5Brating_ids%5D%5B%5D=12&exclude_work_search%5Brating_ids%5D%5B%5D=9&work_search%5Bexcluded_tag_names%5D=&work_search%5Bcrossover%5D=F&work_search%5Bcomplete%5D=&work_search%5Bwords_from%5D=&work_search%5Bwords_to%5D=&work_search%5Bdate_from%5D=&work_search%5Bdate_to%5D=&work_search%5Bquery%5D=&work_search%5Blanguage_id%5D=en&commit=Sort+and+Filter&tag_id=DCU+%28Comics%29
12264420,https://archiveofourown.org/works?utf8=%E2%9C%93&work_search%5Bsort_column%5D=hits&work_search%5Bother_tag_names%5D=&exclude_work_search%5Brating_ids%5D%5B%5D=13&exclude_work_search%5Brating_ids%5D%5B%5D=12&exclude_work_search%5Brating_ids%5D%5B%5D=9&work_search%5Bexcluded_tag_names%5D=&work_search%5Bcrossover%5D=F&work_search%5Bcomplete%5D=&work_search%5Bwords_from%5D=&work_search%5Bwords_to%5D=&work_search%5Bdate_from%5D=&work_search%5Bdate_to%5D=&work_search%5Bquery%5D=&work_search%5Blanguage_id%5D=en&commit=Sort+and+Filter&tag_id=DCU+%28Comics%29
477092,https://archiveofourown.org/works?utf8=%E2%9C%93&work_search%5Bsort_column%5D=hits&work_search%5Bother_tag_names%5D=&exclude_work_search%5Brating_ids%5D%5B%5D=13&exclude_work_search%5Brating_ids%5D%5B%5D=12&exclude_work_search%5Brating_ids%5D%5B%5D=9&work_search%5Bexcluded_tag_names%5D=&work_search%5Bcrossover%5D=F&work_search%5Bcomplete%5D=&work_search%5Bwords_from%5D=&work_search%5Bwords_to%5D=&work_search%5Bdate_from%5D=&work_search%5Bdate_to%5D=&work_search%5Bquery%5D=&work_search%5Blanguage_id%5D=en&commit=Sort+and+Filter&tag_id=Homestuck
340777,https://archiveofourown.org/works?utf8=%E2%9C%93&work_search%5Bsort_column%5D=hits&work_search%5Bother_tag_names%5D=&exclude_work_search%5Brating_ids%5D%5B%5D=13&exclude_work_search%5Brating_ids%5D%5B%5D=12&exclude_work_search%5Brating_ids%5D%5B%5D=9&work_search%5Bexcluded_tag_names%5D=&work_search%5Bcrossover%5D=F&work_search%5Bcomplete%5D=&work_search%5Bwords_from%5D=&work_search%5Bwords_to%5D=&work_search%5Bdate_from%5D=&work_search%5Bdate_to%5D=&work_search%5Bquery%5D=&work_search%5Blanguage_id%5D=en&commit=Sort+and+Filter&tag_id=Homestuck
407062,https://archiveofourown.org/works?utf8=%E2%9C%93&work_search%5Bsort_column%5D=hits&work_search%5Bother_tag_names%5D=&exclude_work_search%5Brating_ids%5D%5B%5D=13&exclude_work_search%5Brating_ids%5D%5B%5D=12&exclude_work_search%5Brating_ids%5D%5B%5D=9&work_search%5Bexcluded_tag_names%5D=&work_search%5Bcrossover%5D=F&work_search%5Bcomplete%5D=&work_search%5Bwords_from%5D=&work_search%5Bwords_to%5D=&work_search%5Bdate_from%5D=&work_search%5Bdate_to%5D=&work_search%5Bquery%5D=&work_search%5Blanguage_id%5D=en&commit=Sort+and+Filter&tag_id=Homestuck
349720,https://archiveofourown.org/works?utf8=%E2%9C%93&work_search%5Bsort_column%5D=hits&work_search%5Bother_tag_names%5D=&exclude_work_search%5Brating_ids%5D%5B%5D=13&exclude_work_search%5Brating_ids%5D%5B%5D=12&exclude_work_search%5Brating_ids%5D%5B%5D=9&work_search%5Bexcluded_tag_names%5D=&work_search%5Bcrossover%5D=F&work_search%5Bcomplete%5D=&work_search%5Bwords_from%5D=&work_search%5Bwords_to%5D=&work_search%5Bdate_from%5D=&work_search%5Bdate_to%5D=&work_search%5Bquery%5D=&work_search%5Blanguage_id%5D=en&commit=Sort+and+Filter&tag_id=Homestuck
527502,https://archiveofourown.org/works?utf8=%E2%9C%93&work_search%5Bsort_column%5D=hits&work_search%5Bother_tag_names%5D=&exclude_work_search%5Brating_ids%5D%5B%5D=13&exclude_work_search%5Brating_ids%5D%5B%5D=12&exclude_work_search%5Brating_ids%5D%5B%5D=9&work_search%5Bexcluded_tag_names%5D=&work_search%5Bcrossover%5D=F&work_search%5Bcomplete%5D=&work_search%5Bwords_from%5D=&work_search%5Bwords_to%5D=&work_search%5Bdate_from%5D=&work_search%5Bdate_to%5D=&work_search%5Bquery%5D=&work_search%5Blanguage_id%5D=en&commit=Sort+and+Filter&tag_id=Homestuck
518316,https://archiveofourown.org/works?utf8=%E2%9C%93&work_search%5Bsort_column%5D=hits&work_search%5Bother_tag_names%5D=&exclude_work_search%5Brating_ids%5D%5B%5D=13&exclude_work_search%5Brating_ids%5D%5B%5D=12&exclude_work_search%5Brating_ids%5D%5B%5D=9&work_search%5Bexcluded_tag_names%5D=&work_search%5Bcrossover%5D=F&work_search%5Bcomplete%5D=&work_search%5Bwords_from%5D=&work_search%5Bwords_to%5D=&work_search%5Bdate_from%5D=&work_search%5Bdate_to%5D=&work_search%5Bquery%5D=&work_search%5Blanguage_id%5D=en&commit=Sort+and+Filter&tag_id=Marvel+%28Comics%29
507292,https://archiveofourown.org/works?utf8=%E2%9C%93&work_search%5Bsort_column%5D=hits&work_search%5Bother_tag_names%5D=&exclude_work_search%5Brating_ids%5D%5B%5D=13&exclude_work_search%5Brating_ids%5D%5B%5D=12&exclude_work_search%5Brating_ids%5D%5B%5D=9&work_search%5Bexcluded_tag_names%5D=&work_search%5Bcrossover%5D=F&work_search%5Bcomplete%5D=&work_search%5Bwords_from%5D=&work_search%5Bwords_to%5D=&work_search%5Bdate_from%5D=&work_search%5Bdate_to%5D=&work_search%5Bquery%5D=&work_search%5Blanguage_id%5D=en&commit=Sort+and+Filter&tag_id=Marvel+%28Comics%29
649368,https://archiveofourown.org/works?utf8=%E2%9C%93&work_search%5Bsort_column%5D=hits&work_search%5Bother_tag_names%5D=&exclude_work_search%5Brating_ids%5D%5B%5D=13&exclude_work_search%5Brating_ids%5D%5B%5D=12&exclude_work_search%5Brating_ids%5D%5B%5D=9&work_search%5Bexcluded_tag_names%5D=&work_search%5Bcrossover%5D=F&work_search%5Bcomplete%5D=&work_search%5Bwords_from%5D=&work_search%5Bwords_to%5D=&work_search%5Bdate_from%5D=&work_search%5Bdate_to%5D=&work_search%5Bquery%5D=&work_search%5Blanguage_id%5D=en&commit=Sort+and+Filter&tag_id=Marvel+%28Comics%29
8874430,https://archiveofourown.org/works?utf8=%E2%9C%93&work_search%5Bsort_column%5D=hits&work_search%5Bother_tag_names%5D=&exclude_work_search%5Brating_ids%5D%5B%5D=13&exclude_work_search%5Brating_ids%5D%5B%5D=12&exclude_work_search%5Brating_ids%5D%5B%5D=9&work_search%5Bexcluded_tag_names%5D=&work_search%5Bcrossover%5D=F&work_search%5Bcomplete%5D=&work_search%5Bwords_from%5D=&work_search%5Bwords_to%5D=&work_search%5Bdate_from%5D=&work_search%5Bdate_to%5D=&work_search%5Bquery%5D=&work_search%5Blanguage_id%5D=en&commit=Sort+and+Filter&tag_id=Marvel+%28Comics%29
148861,https://archiveofourown.org/works?utf8=%E2%9C%93&work_search%5Bsort_column%5D=hits&work_search%5Bother_tag_names%5D=&exclude_work_search%5Brating_ids%5D%5B%5D=13&exclude_work_search%5Brating_ids%5D%5B%5D=12&exclude_work_search%5Brating_ids%5D%5B%5D=9&work_search%5Bexcluded_tag_names%5D=&work_search%5Bcrossover%5D=F&work_search%5Bcomplete%5D=&work_search%5Bwords_from%5D=&work_search%5Bwords_to%5D=&work_search%5Bdate_from%5D=&work_search%5Bdate_to%5D=&work_search%5Bquery%5D=&work_search%5Blanguage_id%5D=en&commit=Sort+and+Filter&tag_id=Marvel+%28Comics%29
5277302,https://archiveofourown.org/works?utf8=%E2%9C%93&work_search%5Bsort_column%5D=hits&work_search%5Bother_tag_names%5D=&exclude_work_search%5Brating_ids%5D%5B%5D=13&exclude_work_search%5Brating_ids%5D%5B%5D=12&exclude_work_search%5Brating_ids%5D%5B%5D=9&work_search%5Bexcluded_tag_names%5D=&work_search%5Bcrossover%5D=F&work_search%5Bcomplete%5D=&work_search%5Bwords_from%5D=&work_search%5Bwords_to%5D=&work_search%5Bdate_from%5D=&work_search%5Bdate_to%5D=&work_search%5Bquery%5D=&work_search%5Blanguage_id%5D=en&commit=Sort+and+Filter&tag_id=RWBY
1023369,https://archiveofourown.org/works?utf8=%E2%9C%93&work_search%5Bsort_column%5D=hits&work_search%5Bother_tag_names%5D=&exclude_work_search%5Brating_ids%5D%5B%5D=13&exclude_work_search%5Brating_ids%5D%5B%5D=12&exclude_work_search%5Brating_ids%5D%5B%5D=9&work_search%5Bexcluded_tag_names%5D=&work_search%5Bcrossover%5D=F&work_search%5Bcomplete%5D=&work_search%5Bwords_from%5D=&work_search%5Bwords_to%5D=&work_search%5Bdate_from%5D=&work_search%5Bdate_to%5D=&work_search%5Bquery%5D=&work_search%5Blanguage_id%5D=en&commit=Sort+and+Filter&tag_id=RWBY
17899214,https://archiveofourown.org/works?utf8=%E2%9C%93&work_search%5Bsort_column%5D=hits&work_search%5Bother_tag_names%5D=&exclude_work_search%5Brating_ids%5D%5B%5D=13&exclude_work_search%5Brating_ids%5D%5B%5D=12&exclude_work_search%5Brating_ids%5D%5B%5D=9&work_search%5Bexcluded_tag_names%5D=&work_search%5Bcrossover%5D=F&work_search%5Bcomplete%5D=&work_search%5Bwords_from%5D=&work_search%5Bwords_to%5D=&work_search%5Bdate_from%5D=&work_search%5Bdate_to%5D=&work_search%5Bquery%5D=&work_search%5Blanguage_id%5D=en&commit=Sort+and+Filter&tag_id=RWBY
22397368,https://archiveofourown.org/works?utf8=%E2%9C%93&work_search%5Bsort_column%5D=hits&work_search%5Bother_tag_names%5D=&exclude_work_search%5Brating_ids%5D%5B%5D=13&exclude_work_search%5Brating_ids%5D%5B%5D=12&exclude_work_search%5Brating_ids%5D%5B%5D=9&work_search%5Bexcluded_tag_names%5D=&work_search%5Bcrossover%5D=F&work_search%5Bcomplete%5D=&work_search%5Bwords_from%5D=&work_search%5Bwords_to%5D=&work_search%5Bdate_from%5D=&work_search%5Bdate_to%5D=&work_search%5Bquery%5D=&work_search%5Blanguage_id%5D=en&commit=Sort+and+Filter&tag_id=RWBY
10791405,https://archiveofourown.org/works?utf8=%E2%9C%93&work_search%5Bsort_column%5D=hits&work_search%5Bother_tag_names%5D=&exclude_work_search%5Brating_ids%5D%5B%5D=13&exclude_work_search%5Brating_ids%5D%5B%5D=12&exclude_work_search%5Brating_ids%5D%5B%5D=9&work_search%5Bexcluded_tag_names%5D=&work_search%5Bcrossover%5D=F&work_search%5Bcomplete%5D=&work_search%5Bwords_from%5D=&work_search%5Bwords_to%5D=&work_search%5Bdate_from%5D=&work_search%5Bdate_to%5D=&work_search%5Bquery%5D=&work_search%5Blanguage_id%5D=en&commit=Sort+and+Filter&tag_id=RWBY
21116591,https://archiveofourown.org/works?utf8=%E2%9C%93&work_search%5Bsort_column%5D=hits&work_search%5Bother_tag_names%5D=&exclude_work_search%5Brating_ids%5D%5B%5D=13&exclude_work_search%5Brating_ids%5D%5B%5D=12&exclude_work_search%5Brating_ids%5D%5B%5D=9&work_search%5Bexcluded_tag_names%5D=&work_search%5Bcrossover%5D=F&work_search%5Bcomplete%5D=&work_search%5Bwords_from%5D=&work_search%5Bwords_to%5D=&work_search%5Bdate_from%5D=&work_search%5Bdate_to%5D=&work_search%5Bquery%5D=&work_search%5Blanguage_id%5D=en&commit=Sort+and+Filter&tag_id=Avatar%3A+The+Last+Airbender
20063656,https://archiveofourown.org/works?utf8=%E2%9C%93&work_search%5Bsort_column%5D=hits&work_search%5Bother_tag_names%5D=&exclude_work_search%5Brating_ids%5D%5B%5D=13&exclude_work_search%5Brating_ids%5D%5B%5D=12&exclude_work_search%5Brating_ids%5D%5B%5D=9&work_search%5Bexcluded_tag_names%5D=&work_search%5Bcrossover%5D=F&work_search%5Bcomplete%5D=&work_search%5Bwords_from%5D=&work_search%5Bwords_to%5D=&work_search%5Bdate_from%5D=&work_search%5Bdate_to%5D=&work_search%5Bquery%5D=&work_search%5Blanguage_id%5D=en&commit=Sort+and+Filter&tag_id=Avatar%3A+The+Last+Airbender
24376396,https://archiveofourown.org/works?utf8=%E2%9C%93&work_search%5Bsort_column%5D=hits&work_search%5Bother_tag_names%5D=&exclude_work_search%5Brating_ids%5D%5B%5D=13&exclude_work_search%5Brating_ids%5D%5B%5D=12&exclude_work_search%5Brating_ids%5D%5B%5D=9&work_search%5Bexcluded_tag_names%5D=&work_search%5Bcrossover%5D=F&work_search%5Bcomplete%5D=&work_search%5Bwords_from%5D=&work_search%5Bwords_to%5D=&work_search%5Bdate_from%5D=&work_search%5Bdate_to%5D=&work_search%5Bquery%5D=&work_search%5Blanguage_id%5D=en&commit=Sort+and+Filter&tag_id=Avatar%3A+The+Last+Airbender
25268089,https://archiveofourown.org/works?utf8=%E2%9C%93&work_search%5Bsort_column%5D=hits&work_search%5Bother_tag_names%5D=&exclude_work_search%5Brating_ids%5D%5B%5D=13&exclude_work_search%5Brating_ids%5D%5B%5D=12&exclude_work_search%5Brating_ids%5D%5B%5D=9&work_search%5Bexcluded_tag_names%5D=&work_search%5Bcrossover%5D=F&work_search%5Bcomplete%5D=&work_search%5Bwords_from%5D=&work_search%5Bwords_to%5D=&work_search%5Bdate_from%5D=&work_search%5Bdate_to%5D=&work_search%5Bquery%5D=&work_search%5Blanguage_id%5D=en&commit=Sort+and+Filter&tag_id=Avatar%3A+The+Last+Airbender
19252807,https://archiveofourown.org/works?utf8=%E2%9C%93&work_search%5Bsort_column%5D=hits&work_search%5Bother_tag_names%5D=&exclude_work_search%5Brating_ids%5D%5B%5D=13&exclude_work_search%5Brating_ids%5D%5B%5D=12&exclude_work_search%5Brating_ids%5D%5B%5D=9&work_search%5Bexcluded_tag_names%5D=&work_search%5Bcrossover%5D=F&work_search%5Bcomplete%5D=&work_search%5Bwords_from%5D=&work_search%5Bwords_to%5D=&work_search%5Bdate_from%5D=&work_search%5Bdate_to%5D=&work_search%5Bquery%5D=&work_search%5Blanguage_id%5D=en&commit=Sort+and+Filter&tag_id=Avatar%3A+The+Last+Airbender
14605911,https://archiveofourown.org/works?utf8=%E2%9C%93&work_search%5Bsort_column%5D=hits&work_search%5Bother_tag_names%5D=&exclude_work_search%5Brating_ids%5D%5B%5D=13&exclude_work_search%5Brating_ids%5D%5B%5D=12&exclude_work_search%5Brating_ids%5D%5B%5D=9&work_search%5Bexcluded_tag_names%5D=&work_search%5Bcrossover%5D=F&work_search%5Bcomplete%5D=&work_search%5Bwords_from%5D=&work_search%5Bwords_to%5D=&work_search%5Bdate_from%5D=&work_search%5Bdate_to%5D=&work_search%5Bquery%5D=&work_search%5Blanguage_id%5D=en&commit=Sort+and+Filter&tag_id=Steven+Universe+%28Cartoon%29
10742679,https://archiveofourown.org/works?utf8=%E2%9C%93&work_search%5Bsort_column%5D=hits&work_search%5Bother_tag_names%5D=&exclude_work_search%5Brating_ids%5D%5B%5D=13&exclude_work_search%5Brating_ids%5D%5B%5D=12&exclude_work_search%5Brating_ids%5D%5B%5D=9&work_search%5Bexcluded_tag_names%5D=&work_search%5Bcrossover%5D=F&work_search%5Bcomplete%5D=&work_search%5Bwords_from%5D=&work_search%5Bwords_to%5D=&work_search%5Bdate_from%5D=&work_search%5Bdate_to%5D=&work_search%5Bquery%5D=&work_search%5Blanguage_id%5D=en&commit=Sort+and+Filter&tag_id=Steven+Universe+%28Cartoon%29
3542825,https://archiveofourown.org/works?utf8=%E2%9C%93&work_search%5Bsort_column%5D=hits&work_search%5Bother_tag_names%5D=&exclude_work_search%5Brating_ids%5D%5B%5D=13&exclude_work_search%5Brating_ids%5D%5B%5D=12&exclude_work_search%5Brating_ids%5D%5B%5D=9&work_search%5Bexcluded_tag_names%5D=&work_search%5Bcrossover%5D=F&work_search%5Bcomplete%5D=&work_search%5Bwords_from%5D=&work_search%5Bwords_to%5D=&work_search%5Bdate_from%5D=&work_search%5Bdate_to%5D=&work_search%5Bquery%5D=&work_search%5Blanguage_id%5D=en&commit=Sort+and+Filter&tag_id=Steven+Universe+%28Cartoon%29
4917970,https://archiveofourown.org/works?utf8=%E2%9C%93&work_search%5Bsort_column%5D=hits&work_search%5Bother_tag_names%5D=&exclude_work_search%5Brating_ids%5D%5B%5D=13&exclude_work_search%5Brating_ids%5D%5B%5D=12&exclude_work_search%5Brating_ids%5D%5B%5D=9&work_search%5Bexcluded_tag_names%5D=&work_search%5Bcrossover%5D=F&work_search%5Bcomplete%5D=&work_search%5Bwords_from%5D=&work_search%5Bwords_to%5D=&work_search%5Bdate_from%5D=&work_search%5Bdate_to%5D=&work_search%5Bquery%5D=&work_search%5Blanguage_id%5D=en&commit=Sort+and+Filter&tag_id=Steven+Universe+%28Cartoon%29
5951614,https://archiveofourown.org/works?utf8=%E2%9C%93&work_search%5Bsort_column%5D=hits&work_search%5Bother_tag_names%5D=&exclude_work_search%5Brating_ids%5D%5B%5D=13&exclude_work_search%5Brating_ids%5D%5B%5D=12&exclude_work_search%5Brating_ids%5D%5B%5D=9&work_search%5Bexcluded_tag_names%5D=&work_search%5Bcrossover%5D=F&work_search%5Bcomplete%5D=&work_search%5Bwords_from%5D=&work_search%5Bwords_to%5D=&work_search%5Bdate_from%5D=&work_search%5Bdate_to%5D=&work_search%5Bquery%5D=&work_search%5Blanguage_id%5D=en&commit=Sort+and+Filter&tag_id=Steven+Universe+%28Cartoon%29
6847498,https://archiveofourown.org/works?utf8=%E2%9C%93&work_search%5Bsort_column%5D=hits&work_search%5Bother_tag_names%5D=&exclude_work_search%5Brating_ids%5D%5B%5D=13&exclude_work_search%5Brating_ids%5D%5B%5D=12&exclude_work_search%5Brating_ids%5D%5B%5D=9&work_search%5Bexcluded_tag_names%5D=&work_search%5Bcrossover%5D=F&work_search%5Bcomplete%5D=&work_search%5Bwords_from%5D=&work_search%5Bwords_to%5D=&work_search%5Bdate_from%5D=&work_search%5Bdate_to%5D=&work_search%5Bquery%5D=&work_search%5Blanguage_id%5D=en&commit=Sort+and+Filter&tag_id=Transformers+Generation+One
17648414,https://archiveofourown.org/works?utf8=%E2%9C%93&work_search%5Bsort_column%5D=hits&work_search%5Bother_tag_names%5D=&exclude_work_search%5Brating_ids%5D%5B%5D=13&exclude_work_search%5Brating_ids%5D%5B%5D=12&exclude_work_search%5Brating_ids%5D%5B%5D=9&work_search%5Bexcluded_tag_names%5D=&work_search%5Bcrossover%5D=F&work_search%5Bcomplete%5D=&work_search%5Bwords_from%5D=&work_search%5Bwords_to%5D=&work_search%5Bdate_from%5D=&work_search%5Bdate_to%5D=&work_search%5Bquery%5D=&work_search%5Blanguage_id%5D=en&commit=Sort+and+Filter&tag_id=Transformers+Generation+One
12794250,https://archiveofourown.org/works?utf8=%E2%9C%93&work_search%5Bsort_column%5D=hits&work_search%5Bother_tag_names%5D=&exclude_work_search%5Brating_ids%5D%5B%5D=13&exclude_work_search%5Brating_ids%5D%5B%5D=12&exclude_work_search%5Brating_ids%5D%5B%5D=9&work_search%5Bexcluded_tag_names%5D=&work_search%5Bcrossover%5D=F&work_search%5Bcomplete%5D=&work_search%5Bwords_from%5D=&work_search%5Bwords_to%5D=&work_search%5Bdate_from%5D=&work_search%5Bdate_to%5D=&work_search%5Bquery%5D=&work_search%5Blanguage_id%5D=en&commit=Sort+and+Filter&tag_id=Transformers+Generation+One
2492180,https://archiveofourown.org/works?utf8=%E2%9C%93&work_search%5Bsort_column%5D=hits&work_search%5Bother_tag_names%5D=&exclude_work_search%5Brating_ids%5D%5B%5D=13&exclude_work_search%5Brating_ids%5D%5B%5D=12&exclude_work_search%5Brating_ids%5D%5B%5D=9&work_search%5Bexcluded_tag_names%5D=&work_search%5Bcrossover%5D=F&work_search%5Bcomplete%5D=&work_search%5Bwords_from%5D=&work_search%5Bwords_to%5D=&work_search%5Bdate_from%5D=&work_search%5Bdate_to%5D=&work_search%5Bquery%5D=&work_search%5Blanguage_id%5D=en&commit=Sort+and+Filter&tag_id=Transformers+Generation+One
431107,https://archiveofourown.org/works?utf8=%E2%9C%93&work_search%5Bsort_column%5D=hits&work_search%5Bother_tag_names%5D=&exclude_work_search%5Brating_ids%5D%5B%5D=13&exclude_work_search%5Brating_ids%5D%5B%5D=12&exclude_work_search%5Brating_ids%5D%5B%5D=9&work_search%5Bexcluded_tag_names%5D=&work_search%5Bcrossover%5D=F&work_search%5Bcomplete%5D=&work_search%5Bwords_from%5D=&work_search%5Bwords_to%5D=&work_search%5Bdate_from%5D=&work_search%5Bdate_to%5D=&work_search%5Bquery%5D=&work_search%5Blanguage_id%5D=en&commit=Sort+and+Filter&tag_id=Transformers+Generation+One
6329836,https://archiveofourown.org/works?utf8=%E2%9C%93&work_search%5Bsort_column%5D=hits&work_search%5Bother_tag_names%5D=&exclude_work_search%5Brating_ids%5D%5B%5D=13&exclude_work_search%5Brating_ids%5D%5B%5D=12&exclude_work_search%5Brating_ids%5D%5B%5D=9&work_search%5Bexcluded_tag_names%5D=&work_search%5Bcrossover%5D=F&work_search%5Bcomplete%5D=&work_search%5Bwords_from%5D=&work_search%5Bwords_to%5D=&work_search%5Bdate_from%5D=&work_search%5Bdate_to%5D=&work_search%5Bquery%5D=&work_search%5Blanguage_id%5D=en&commit=Sort+and+Filter&tag_id=Gravity+Falls
3986989,https://archiveofourown.org/works?utf8=%E2%9C%93&work_search%5Bsort_column%5D=hits&work_search%5Bother_tag_names%5D=&exclude_work_search%5Brating_ids%5D%5B%5D=13&exclude_work_search%5Brating_ids%5D%5B%5D=12&exclude_work_search%5Brating_ids%5D%5B%5D=9&work_search%5Bexcluded_tag_names%5D=&work_search%5Bcrossover%5D=F&work_search%5Bcomplete%5D=&work_search%5Bwords_from%5D=&work_search%5Bwords_to%5D=&work_search%5Bdate_from%5D=&work_search%5Bdate_to%5D=&work_search%5Bquery%5D=&work_search%5Blanguage_id%5D=en&commit=Sort+and+Filter&tag_id=Gravity+Falls
4332591,https://archiveofourown.org/works?utf8=%E2%9C%93&work_search%5Bsort_column%5D=hits&work_search%5Bother_tag_names%5D=&exclude_work_search%5Brating_ids%5D%5B%5D=13&exclude_work_search%5Brating_ids%5D%5B%5D=12&exclude_work_search%5Brating_ids%5D%5B%5D=9&work_search%5Bexcluded_tag_names%5D=&work_search%5Bcrossover%5D=F&work_search%5Bcomplete%5D=&work_search%5Bwords_from%5D=&work_search%5Bwords_to%5D=&work_search%5Bdate_from%5D=&work_search%5Bdate_to%5D=&work_search%5Bquery%5D=&work_search%5Blanguage_id%5D=en&commit=Sort+and+Filter&tag_id=Gravity+Falls
3706983,https://archiveofourown.org/works?utf8=%E2%9C%93&work_search%5Bsort_column%5D=hits&work_search%5Bother_tag_names%5D=&exclude_work_search%5Brating_ids%5D%5B%5D=13&exclude_work_search%5Brating_ids%5D%5B%5D=12&exclude_work_search%5Brating_ids%5D%5B%5D=9&work_search%5Bexcluded_tag_names%5D=&work_search%5Bcrossover%5D=F&work_search%5Bcomplete%5D=&work_search%5Bwords_from%5D=&work_search%5Bwords_to%5D=&work_search%5Bdate_from%5D=&work_search%5Bdate_to%5D=&work_search%5Bquery%5D=&work_search%5Blanguage_id%5D=en&commit=Sort+and+Filter&tag_id=Gravity+Falls
3985570,https://archiveofourown.org/works?utf8=%E2%9C%93&work_search%5Bsort_column%5D=hits&work_search%5Bother_tag_names%5D=&exclude_work_search%5Brating_ids%5D%5B%5D=13&exclude_work_search%5Brating_ids%5D%5B%5D=12&exclude_work_search%5Brating_ids%5D%5B%5D=9&work_search%5Bexcluded_tag_names%5D=&work_search%5Bcrossover%5D=F&work_search%5Bcomplete%5D=&work_search%5Bwords_from%5D=&work_search%5Bwords_to%5D=&work_search%5Bdate_from%5D=&work_search%5Bdate_to%5D=&work_search%5Bquery%5D=&work_search%5Blanguage_id%5D=en&commit=Sort+and+Filter&tag_id=Gravity+Falls
24280306,https://archiveofourown.org/works?utf8=%E2%9C%93&work_search%5Bsort_column%5D=hits&work_search%5Bother_tag_names%5D=&exclude_work_search%5Brating_ids%5D%5B%5D=13&exclude_work_search%5Brating_ids%5D%5B%5D=12&exclude_work_search%5Brating_ids%5D%5B%5D=9&work_search%5Bexcluded_tag_names%5D=&work_search%5Bcrossover%5D=F&work_search%5Bcomplete%5D=&work_search%5Bwords_from%5D=&work_search%5Bwords_to%5D=&work_search%5Bdate_from%5D=&work_search%5Bdate_to%5D=&work_search%5Bquery%5D=&work_search%5Blanguage_id%5D=en&commit=Sort+and+Filter&tag_id=She-Ra+and+the+Princesses+of+Power+%282018%29
18995194,https://archiveofourown.org/works?utf8=%E2%9C%93&work_search%5Bsort_column%5D=hits&work_search%5Bother_tag_names%5D=&exclude_work_search%5Brating_ids%5D%5B%5D=13&exclude_work_search%5Brating_ids%5D%5B%5D=12&exclude_work_search%5Brating_ids%5D%5B%5D=9&work_search%5Bexcluded_tag_names%5D=&work_search%5Bcrossover%5D=F&work_search%5Bcomplete%5D=&work_search%5Bwords_from%5D=&work_search%5Bwords_to%5D=&work_search%5Bdate_from%5D=&work_search%5Bdate_to%5D=&work_search%5Bquery%5D=&work_search%5Blanguage_id%5D=en&commit=Sort+and+Filter&tag_id=She-Ra+and+the+Princesses+of+Power+%282018%29
16851757,https://archiveofourown.org/works?utf8=%E2%9C%93&work_search%5Bsort_column%5D=hits&work_search%5Bother_tag_names%5D=&exclude_work_search%5Brating_ids%5D%5B%5D=13&exclude_work_search%5Brating_ids%5D%5B%5D=12&exclude_work_search%5Brating_ids%5D%5B%5D=9&work_search%5Bexcluded_tag_names%5D=&work_search%5Bcrossover%5D=F&work_search%5Bcomplete%5D=&work_search%5Bwords_from%5D=&work_search%5Bwords_to%5D=&work_search%5Bdate_from%5D=&work_search%5Bdate_to%5D=&work_search%5Bquery%5D=&work_search%5Blanguage_id%5D=en&commit=Sort+and+Filter&tag_id=She-Ra+and+the+Princesses+of+Power+%282018%29
16744141,https://archiveofourown.org/works?utf8=%E2%9C%93&work_search%5Bsort_column%5D=hits&work_search%5Bother_tag_names%5D=&exclude_work_search%5Brating_ids%5D%5B%5D=13&exclude_work_search%5Brating_ids%5D%5B%5D=12&exclude_work_search%5Brating_ids%5D%5B%5D=9&work_search%5Bexcluded_tag_names%5D=&work_search%5Bcrossover%5D=F&work_search%5Bcomplete%5D=&work_search%5Bwords_from%5D=&work_search%5Bwords_to%5D=&work_search%5Bdate_from%5D=&work_search%5Bdate_to%5D=&work_search%5Bquery%5D=&work_search%5Blanguage_id%5D=en&commit=Sort+and+Filter&tag_id=She-Ra+and+the+Princesses+of+Power+%282018%29
24824146,https://archiveofourown.org/works?utf8=%E2%9C%93&work_search%5Bsort_column%5D=hits&work_search%5Bother_tag_names%5D=&exclude_work_search%5Brating_ids%5D%5B%5D=13&exclude_work_search%5Brating_ids%5D%5B%5D=12&exclude_work_search%5Brating_ids%5D%5B%5D=9&work_search%5Bexcluded_tag_names%5D=&work_search%5Bcrossover%5D=F&work_search%5Bcomplete%5D=&work_search%5Bwords_from%5D=&work_search%5Bwords_to%5D=&work_search%5Bdate_from%5D=&work_search%5Bdate_to%5D=&work_search%5Bquery%5D=&work_search%5Blanguage_id%5D=en&commit=Sort+and+Filter&tag_id=She-Ra+and+the+Princesses+of+Power+%282018%29
465965,https://archiveofourown.org/works?utf8=%E2%9C%93&work_search%5Bsort_column%5D=hits&work_search%5Bother_tag_names%5D=&exclude_work_search%5Brating_ids%5D%5B%5D=13&exclude_work_search%5Brating_ids%5D%5B%5D=12&exclude_work_search%5Brating_ids%5D%5B%5D=9&work_search%5Bexcluded_tag_names%5D=&work_search%5Bcrossover%5D=F&work_search%5Bcomplete%5D=&work_search%5Bwords_from%5D=&work_search%5Bwords_to%5D=&work_search%5Bdate_from%5D=&work_search%5Bdate_to%5D=&work_search%5Bquery%5D=&work_search%5Blanguage_id%5D=en&commit=Sort+and+Filter&tag_id=South+Park
5202986,https://archiveofourown.org/works?utf8=%E2%9C%93&work_search%5Bsort_column%5D=hits&work_search%5Bother_tag_names%5D=&exclude_work_search%5Brating_ids%5D%5B%5D=13&exclude_work_search%5Brating_ids%5D%5B%5D=12&exclude_work_search%5Brating_ids%5D%5B%5D=9&work_search%5Bexcluded_tag_names%5D=&work_search%5Bcrossover%5D=F&work_search%5Bcomplete%5D=&work_search%5Bwords_from%5D=&work_search%5Bwords_to%5D=&work_search%5Bdate_from%5D=&work_search%5Bdate_to%5D=&work_search%5Bquery%5D=&work_search%5Blanguage_id%5D=en&commit=Sort+and+Filter&tag_id=South+Park
5779753,https://archiveofourown.org/works?utf8=%E2%9C%93&work_search%5Bsort_column%5D=hits&work_search%5Bother_tag_names%5D=&exclude_work_search%5Brating_ids%5D%5B%5D=13&exclude_work_search%5Brating_ids%5D%5B%5D=12&exclude_work_search%5Brating_ids%5D%5B%5D=9&work_search%5Bexcluded_tag_names%5D=&work_search%5Bcrossover%5D=F&work_search%5Bcomplete%5D=&work_search%5Bwords_from%5D=&work_search%5Bwords_to%5D=&work_search%5Bdate_from%5D=&work_search%5Bdate_to%5D=&work_search%5Bquery%5D=&work_search%5Blanguage_id%5D=en&commit=Sort+and+Filter&tag_id=South+Park
7698868,https://archiveofourown.org/works?utf8=%E2%9C%93&work_search%5Bsort_column%5D=hits&work_search%5Bother_tag_names%5D=&exclude_work_search%5Brating_ids%5D%5B%5D=13&exclude_work_search%5Brating_ids%5D%5B%5D=12&exclude_work_search%5Brating_ids%5D%5B%5D=9&work_search%5Bexcluded_tag_names%5D=&work_search%5Bcrossover%5D=F&work_search%5Bcomplete%5D=&work_search%5Bwords_from%5D=&work_search%5Bwords_to%5D=&work_search%5Bdate_from%5D=&work_search%5Bdate_to%5D=&work_search%5Bquery%5D=&work_search%5Blanguage_id%5D=en&commit=Sort+and+Filter&tag_id=South+Park
12710304,https://archiveofourown.org/works?utf8=%E2%9C%93&work_search%5Bsort_column%5D=hits&work_search%5Bother_tag_names%5D=&exclude_work_search%5Brating_ids%5D%5B%5D=13&exclude_work_search%5Brating_ids%5D%5B%5D=12&exclude_work_search%5Brating_ids%5D%5B%5D=9&work_search%5Bexcluded_tag_names%5D=&work_search%5Bcrossover%5D=F&work_search%5Bcomplete%5D=&work_search%5Bwords_from%5D=&work_search%5Bwords_to%5D=&work_search%5Bdate_from%5D=&work_search%5Bdate_to%5D=&work_search%5Bquery%5D=&work_search%5Blanguage_id%5D=en&commit=Sort+and+Filter&tag_id=South+Park
6667822,https://archiveofourown.org/works?utf8=%E2%9C%93&work_search%5Bsort_column%5D=hits&work_search%5Bother_tag_names%5D=&exclude_work_search%5Brating_ids%5D%5B%5D=13&exclude_work_search%5Brating_ids%5D%5B%5D=12&exclude_work_search%5Brating_ids%5D%5B%5D=9&work_search%5Bexcluded_tag_names%5D=&work_search%5Bcrossover%5D=F&work_search%5Bcomplete%5D=&work_search%5Bwords_from%5D=&work_search%5Bwords_to%5D=&work_search%5Bdate_from%5D=&work_search%5Bdate_to%5D=&work_search%5Bquery%5D=&work_search%5Blanguage_id%5D=en&commit=Sort+and+Filter&tag_id=Check+Please%21+%28Webcomic%29
4113538,https://archiveofourown.org/works?utf8=%E2%9C%93&work_search%5Bsort_column%5D=hits&work_search%5Bother_tag_names%5D=&exclude_work_search%5Brating_ids%5D%5B%5D=13&exclude_work_search%5Brating_ids%5D%5B%5D=12&exclude_work_search%5Brating_ids%5D%5B%5D=9&work_search%5Bexcluded_tag_names%5D=&work_search%5Bcrossover%5D=F&work_search%5Bcomplete%5D=&work_search%5Bwords_from%5D=&work_search%5Bwords_to%5D=&work_search%5Bdate_from%5D=&work_search%5Bdate_to%5D=&work_search%5Bquery%5D=&work_search%5Blanguage_id%5D=en&commit=Sort+and+Filter&tag_id=Check+Please%21+%28Webcomic%29
3802573,https://archiveofourown.org/works?utf8=%E2%9C%93&work_search%5Bsort_column%5D=hits&work_search%5Bother_tag_names%5D=&exclude_work_search%5Brating_ids%5D%5B%5D=13&exclude_work_search%5Brating_ids%5D%5B%5D=12&exclude_work_search%5Brating_ids%5D%5B%5D=9&work_search%5Bexcluded_tag_names%5D=&work_search%5Bcrossover%5D=F&work_search%5Bcomplete%5D=&work_search%5Bwords_from%5D=&work_search%5Bwords_to%5D=&work_search%5Bdate_from%5D=&work_search%5Bdate_to%5D=&work_search%5Bquery%5D=&work_search%5Blanguage_id%5D=en&commit=Sort+and+Filter&tag_id=Check+Please%21+%28Webcomic%29
9622088,https://archiveofourown.org/works?utf8=%E2%9C%93&work_search%5Bsort_column%5D=hits&work_search%5Bother_tag_names%5D=&exclude_work_search%5Brating_ids%5D%5B%5D=13&exclude_work_search%5Brating_ids%5D%5B%5D=12&exclude_work_search%5Brating_ids%5D%5B%5D=9&work_search%5Bexcluded_tag_names%5D=&work_search%5Bcrossover%5D=F&work_search%5Bcomplete%5D=&work_search%5Bwords_from%5D=&work_search%5Bwords_to%5D=&work_search%5Bdate_from%5D=&work_search%5Bdate_to%5D=&work_search%5Bquery%5D=&work_search%5Blanguage_id%5D=en&commit=Sort+and+Filter&tag_id=Check+Please%21+%28Webcomic%29
2795669,https://archiveofourown.org/works?utf8=%E2%9C%93&work_search%5Bsort_column%5D=hits&work_search%5Bother_tag_names%5D=&exclude_work_search%5Brating_ids%5D%5B%5D=13&exclude_work_search%5Brating_ids%5D%5B%5D=12&exclude_work_search%5Brating_ids%5D%5B%5D=9&work_search%5Bexcluded_tag_names%5D=&work_search%5Bcrossover%5D=F&work_search%5Bcomplete%5D=&work_search%5Bwords_from%5D=&work_search%5Bwords_to%5D=&work_search%5Bdate_from%5D=&work_search%5Bdate_to%5D=&work_search%5Bquery%5D=&work_search%5Blanguage_id%5D=en&commit=Sort+and+Filter&tag_id=Check+Please%21+%28Webcomic%29
3104510,https://archiveofourown.org/works?utf8=%E2%9C%93&work_search%5Bsort_column%5D=hits&work_search%5Bother_tag_names%5D=&exclude_work_search%5Brating_ids%5D%5B%5D=13&exclude_work_search%5Brating_ids%5D%5B%5D=12&exclude_work_search%5Brating_ids%5D%5B%5D=9&work_search%5Bexcluded_tag_names%5D=&work_search%5Bcrossover%5D=F&work_search%5Bcomplete%5D=&work_search%5Bwords_from%5D=&work_search%5Bwords_to%5D=&work_search%5Bdate_from%5D=&work_search%5Bdate_to%5D=&work_search%5Bquery%5D=&work_search%5Blanguage_id%5D=en&commit=Sort+and+Filter&tag_id=Star+Wars%3A+Rebels
5162474,https://archiveofourown.org/works?utf8=%E2%9C%93&work_search%5Bsort_column%5D=hits&work_search%5Bother_tag_names%5D=&exclude_work_search%5Brating_ids%5D%5B%5D=13&exclude_work_search%5Brating_ids%5D%5B%5D=12&exclude_work_search%5Brating_ids%5D%5B%5D=9&work_search%5Bexcluded_tag_names%5D=&work_search%5Bcrossover%5D=F&work_search%5Bcomplete%5D=&work_search%5Bwords_from%5D=&work_search%5Bwords_to%5D=&work_search%5Bdate_from%5D=&work_search%5Bdate_to%5D=&work_search%5Bquery%5D=&work_search%5Blanguage_id%5D=en&commit=Sort+and+Filter&tag_id=Star+Wars%3A+Rebels
24168403,https://archiveofourown.org/works?utf8=%E2%9C%93&work_search%5Bsort_column%5D=hits&work_search%5Bother_tag_names%5D=&exclude_work_search%5Brating_ids%5D%5B%5D=13&exclude_work_search%5Brating_ids%5D%5B%5D=12&exclude_work_search%5Brating_ids%5D%5B%5D=9&work_search%5Bexcluded_tag_names%5D=&work_search%5Bcrossover%5D=F&work_search%5Bcomplete%5D=&work_search%5Bwords_from%5D=&work_search%5Bwords_to%5D=&work_search%5Bdate_from%5D=&work_search%5Bdate_to%5D=&work_search%5Bquery%5D=&work_search%5Blanguage_id%5D=en&commit=Sort+and+Filter&tag_id=Star+Wars%3A+Rebels
10903092,https://archiveofourown.org/works?utf8=%E2%9C%93&work_search%5Bsort_column%5D=hits&work_search%5Bother_tag_names%5D=&exclude_work_search%5Brating_ids%5D%5B%5D=13&exclude_work_search%5Brating_ids%5D%5B%5D=12&exclude_work_search%5Brating_ids%5D%5B%5D=9&work_search%5Bexcluded_tag_names%5D=&work_search%5Bcrossover%5D=F&work_search%5Bcomplete%5D=&work_search%5Bwords_from%5D=&work_search%5Bwords_to%5D=&work_search%5Bdate_from%5D=&work_search%5Bdate_to%5D=&work_search%5Bquery%5D=&work_search%5Blanguage_id%5D=en&commit=Sort+and+Filter&tag_id=Star+Wars%3A+Rebels
4417469,https://archiveofourown.org/works?utf8=%E2%9C%93&work_search%5Bsort_column%5D=hits&work_search%5Bother_tag_names%5D=&exclude_work_search%5Brating_ids%5D%5B%5D=13&exclude_work_search%5Brating_ids%5D%5B%5D=12&exclude_work_search%5Brating_ids%5D%5B%5D=9&work_search%5Bexcluded_tag_names%5D=&work_search%5Bcrossover%5D=F&work_search%5Bcomplete%5D=&work_search%5Bwords_from%5D=&work_search%5Bwords_to%5D=&work_search%5Bdate_from%5D=&work_search%5Bdate_to%5D=&work_search%5Bquery%5D=&work_search%5Blanguage_id%5D=en&commit=Sort+and+Filter&tag_id=Star+Wars%3A+Rebels
19055431,https://archiveofourown.org/works?utf8=%E2%9C%93&work_search%5Bsort_column%5D=hits&work_search%5Bother_tag_names%5D=&exclude_work_search%5Brating_ids%5D%5B%5D=13&exclude_work_search%5Brating_ids%5D%5B%5D=12&exclude_work_search%5Brating_ids%5D%5B%5D=9&work_search%5Bexcluded_tag_names%5D=&work_search%5Bcrossover%5D=F&work_search%5Bcomplete%5D=&work_search%5Bwords_from%5D=&work_search%5Bwords_to%5D=&work_search%5Bdate_from%5D=&work_search%5Bdate_to%5D=&work_search%5Bquery%5D=&work_search%5Blanguage_id%5D=en&commit=Sort+and+Filter&tag_id=Danny+Phantom
2605637,https://archiveofourown.org/works?utf8=%E2%9C%93&work_search%5Bsort_column%5D=hits&work_search%5Bother_tag_names%5D=&exclude_work_search%5Brating_ids%5D%5B%5D=13&exclude_work_search%5Brating_ids%5D%5B%5D=12&exclude_work_search%5Brating_ids%5D%5B%5D=9&work_search%5Bexcluded_tag_names%5D=&work_search%5Bcrossover%5D=F&work_search%5Bcomplete%5D=&work_search%5Bwords_from%5D=&work_search%5Bwords_to%5D=&work_search%5Bdate_from%5D=&work_search%5Bdate_to%5D=&work_search%5Bquery%5D=&work_search%5Blanguage_id%5D=en&commit=Sort+and+Filter&tag_id=Danny+Phantom
5888662,https://archiveofourown.org/works?utf8=%E2%9C%93&work_search%5Bsort_column%5D=hits&work_search%5Bother_tag_names%5D=&exclude_work_search%5Brating_ids%5D%5B%5D=13&exclude_work_search%5Brating_ids%5D%5B%5D=12&exclude_work_search%5Brating_ids%5D%5B%5D=9&work_search%5Bexcluded_tag_names%5D=&work_search%5Bcrossover%5D=F&work_search%5Bcomplete%5D=&work_search%5Bwords_from%5D=&work_search%5Bwords_to%5D=&work_search%5Bdate_from%5D=&work_search%5Bdate_to%5D=&work_search%5Bquery%5D=&work_search%5Blanguage_id%5D=en&commit=Sort+and+Filter&tag_id=Danny+Phantom
12315771,https://archiveofourown.org/works?utf8=%E2%9C%93&work_search%5Bsort_column%5D=hits&work_search%5Bother_tag_names%5D=&exclude_work_search%5Brating_ids%5D%5B%5D=13&exclude_work_search%5Brating_ids%5D%5B%5D=12&exclude_work_search%5Brating_ids%5D%5B%5D=9&work_search%5Bexcluded_tag_names%5D=&work_search%5Bcrossover%5D=F&work_search%5Bcomplete%5D=&work_search%5Bwords_from%5D=&work_search%5Bwords_to%5D=&work_search%5Bdate_from%5D=&work_search%5Bdate_to%5D=&work_search%5Bquery%5D=&work_search%5Blanguage_id%5D=en&commit=Sort+and+Filter&tag_id=Danny+Phantom
1398550,https://archiveofourown.org/works?utf8=%E2%9C%93&work_search%5Bsort_column%5D=hits&work_search%5Bother_tag_names%5D=&exclude_work_search%5Brating_ids%5D%5B%5D=13&exclude_work_search%5Brating_ids%5D%5B%5D=12&exclude_work_search%5Brating_ids%5D%5B%5D=9&work_search%5Bexcluded_tag_names%5D=&work_search%5Bcrossover%5D=F&work_search%5Bcomplete%5D=&work_search%5Bwords_from%5D=&work_search%5Bwords_to%5D=&work_search%5Bdate_from%5D=&work_search%5Bdate_to%5D=&work_search%5Bquery%5D=&work_search%5Blanguage_id%5D=en&commit=Sort+and+Filter&tag_id=Danny+Phantom
12568920,https://archiveofourown.org/works?utf8=%E2%9C%93&work_search%5Bsort_column%5D=hits&work_search%5Bother_tag_names%5D=&exclude_work_search%5Brating_ids%5D%5B%5D=13&exclude_work_search%5Brating_ids%5D%5B%5D=12&exclude_work_search%5Brating_ids%5D%5B%5D=9&work_search%5Bexcluded_tag_names%5D=&work_search%5Bcrossover%5D=F&work_search%5Bcomplete%5D=&work_search%5Bwords_from%5D=&work_search%5Bwords_to%5D=&work_search%5Bdate_from%5D=&work_search%5Bdate_to%5D=&work_search%5Bquery%5D=&work_search%5Blanguage_id%5D=en&commit=Sort+and+Filter&tag_id=Nightwing+%28Comics%29
2656487,https://archiveofourown.org/works?utf8=%E2%9C%93&work_search%5Bsort_column%5D=hits&work_search%5Bother_tag_names%5D=&exclude_work_search%5Brating_ids%5D%5B%5D=13&exclude_work_search%5Brating_ids%5D%5B%5D=12&exclude_work_search%5Brating_ids%5D%5B%5D=9&work_search%5Bexcluded_tag_names%5D=&work_search%5Bcrossover%5D=F&work_search%5Bcomplete%5D=&work_search%5Bwords_from%5D=&work_search%5Bwords_to%5D=&work_search%5Bdate_from%5D=&work_search%5Bdate_to%5D=&work_search%5Bquery%5D=&work_search%5Blanguage_id%5D=en&commit=Sort+and+Filter&tag_id=Nightwing+%28Comics%29
21421639,https://archiveofourown.org/works?utf8=%E2%9C%93&work_search%5Bsort_column%5D=hits&work_search%5Bother_tag_names%5D=&exclude_work_search%5Brating_ids%5D%5B%5D=13&exclude_work_search%5Brating_ids%5D%5B%5D=12&exclude_work_search%5Brating_ids%5D%5B%5D=9&work_search%5Bexcluded_tag_names%5D=&work_search%5Bcrossover%5D=F&work_search%5Bcomplete%5D=&work_search%5Bwords_from%5D=&work_search%5Bwords_to%5D=&work_search%5Bdate_from%5D=&work_search%5Bdate_to%5D=&work_search%5Bquery%5D=&work_search%5Blanguage_id%5D=en&commit=Sort+and+Filter&tag_id=Nightwing+%28Comics%29
1040728,https://archiveofourown.org/works?utf8=%E2%9C%93&work_search%5Bsort_column%5D=hits&work_search%5Bother_tag_names%5D=&exclude_work_search%5Brating_ids%5D%5B%5D=13&exclude_work_search%5Brating_ids%5D%5B%5D=12&exclude_work_search%5Brating_ids%5D%5B%5D=9&work_search%5Bexcluded_tag_names%5D=&work_search%5Bcrossover%5D=F&work_search%5Bcomplete%5D=&work_search%5Bwords_from%5D=&work_search%5Bwords_to%5D=&work_search%5Bdate_from%5D=&work_search%5Bdate_to%5D=&work_search%5Bquery%5D=&work_search%5Blanguage_id%5D=en&commit=Sort+and+Filter&tag_id=Nightwing+%28Comics%29
9425156,https://archiveofourown.org/works?utf8=%E2%9C%93&work_search%5Bsort_column%5D=hits&work_search%5Bother_tag_names%5D=&exclude_work_search%5Brating_ids%5D%5B%5D=13&exclude_work_search%5Brating_ids%5D%5B%5D=12&exclude_work_search%5Brating_ids%5D%5B%5D=9&work_search%5Bexcluded_tag_names%5D=&work_search%5Bcrossover%5D=F&work_search%5Bcomplete%5D=&work_search%5Bwords_from%5D=&work_search%5Bwords_to%5D=&work_search%5Bdate_from%5D=&work_search%5Bdate_to%5D=&work_search%5Bquery%5D=&work_search%5Blanguage_id%5D=en&commit=Sort+and+Filter&tag_id=Nightwing+%28Comics%29
25830331,https://archiveofourown.org/works?utf8=%E2%9C%93&work_search%5Bsort_column%5D=hits&work_search%5Bother_tag_names%5D=&exclude_work_search%5Brating_ids%5D%5B%5D=13&exclude_work_search%5Brating_ids%5D%5B%5D=12&exclude_work_search%5Brating_ids%5D%5B%5D=9&work_search%5Bexcluded_tag_names%5D=&work_search%5Bcrossover%5D=F&work_search%5Bcomplete%5D=&work_search%5Bwords_from%5D=&work_search%5Bwords_to%5D=&work_search%5Bdate_from%5D=&work_search%5Bdate_to%5D=&work_search%5Bquery%5D=&work_search%5Blanguage_id%5D=en&commit=Sort+and+Filter&tag_id=The+Owl+House+%28Cartoon%29
25142467,https://archiveofourown.org/works?utf8=%E2%9C%93&work_search%5Bsort_column%5D=hits&work_search%5Bother_tag_names%5D=&exclude_work_search%5Brating_ids%5D%5B%5D=13&exclude_work_search%5Brating_ids%5D%5B%5D=12&exclude_work_search%5Brating_ids%5D%5B%5D=9&work_search%5Bexcluded_tag_names%5D=&work_search%5Bcrossover%5D=F&work_search%5Bcomplete%5D=&work_search%5Bwords_from%5D=&work_search%5Bwords_to%5D=&work_search%5Bdate_from%5D=&work_search%5Bdate_to%5D=&work_search%5Bquery%5D=&work_search%5Blanguage_id%5D=en&commit=Sort+and+Filter&tag_id=The+Owl+House+%28Cartoon%29
26165947,https://archiveofourown.org/works?utf8=%E2%9C%93&work_search%5Bsort_column%5D=hits&work_search%5Bother_tag_names%5D=&exclude_work_search%5Brating_ids%5D%5B%5D=13&exclude_work_search%5Brating_ids%5D%5B%5D=12&exclude_work_search%5Brating_ids%5D%5B%5D=9&work_search%5Bexcluded_tag_names%5D=&work_search%5Bcrossover%5D=F&work_search%5Bcomplete%5D=&work_search%5Bwords_from%5D=&work_search%5Bwords_to%5D=&work_search%5Bdate_from%5D=&work_search%5Bdate_to%5D=&work_search%5Bquery%5D=&work_search%5Blanguage_id%5D=en&commit=Sort+and+Filter&tag_id=The+Owl+House+%28Cartoon%29
25420225,https://archiveofourown.org/works?utf8=%E2%9C%93&work_search%5Bsort_column%5D=hits&work_search%5Bother_tag_names%5D=&exclude_work_search%5Brating_ids%5D%5B%5D=13&exclude_work_search%5Brating_ids%5D%5B%5D=12&exclude_work_search%5Brating_ids%5D%5B%5D=9&work_search%5Bexcluded_tag_names%5D=&work_search%5Bcrossover%5D=F&work_search%5Bcomplete%5D=&work_search%5Bwords_from%5D=&work_search%5Bwords_to%5D=&work_search%5Bdate_from%5D=&work_search%5Bdate_to%5D=&work_search%5Bquery%5D=&work_search%5Blanguage_id%5D=en&commit=Sort+and+Filter&tag_id=The+Owl+House+%28Cartoon%29
26301859,https://archiveofourown.org/works?utf8=%E2%9C%93&work_search%5Bsort_column%5D=hits&work_search%5Bother_tag_names%5D=&exclude_work_search%5Brating_ids%5D%5B%5D=13&exclude_work_search%5Brating_ids%5D%5B%5D=12&exclude_work_search%5Brating_ids%5D%5B%5D=9&work_search%5Bexcluded_tag_names%5D=&work_search%5Bcrossover%5D=F&work_search%5Bcomplete%5D=&work_search%5Bwords_from%5D=&work_search%5Bwords_to%5D=&work_search%5Bdate_from%5D=&work_search%5Bdate_to%5D=&work_search%5Bquery%5D=&work_search%5Blanguage_id%5D=en&commit=Sort+and+Filter&tag_id=The+Owl+House+%28Cartoon%29
5057719,https://archiveofourown.org/works?utf8=%E2%9C%93&work_search%5Bsort_column%5D=hits&work_search%5Bother_tag_names%5D=&exclude_work_search%5Brating_ids%5D%5B%5D=13&exclude_work_search%5Brating_ids%5D%5B%5D=12&exclude_work_search%5Brating_ids%5D%5B%5D=9&work_search%5Bexcluded_tag_names%5D=&work_search%5Bcrossover%5D=F&work_search%5Bcomplete%5D=&work_search%5Bwords_from%5D=&work_search%5Bwords_to%5D=&work_search%5Bdate_from%5D=&work_search%5Bdate_to%5D=&work_search%5Bquery%5D=&work_search%5Blanguage_id%5D=en&commit=Sort+and+Filter&tag_id=Rick+and+Morty
4490667,https://archiveofourown.org/works?utf8=%E2%9C%93&work_search%5Bsort_column%5D=hits&work_search%5Bother_tag_names%5D=&exclude_work_search%5Brating_ids%5D%5B%5D=13&exclude_work_search%5Brating_ids%5D%5B%5D=12&exclude_work_search%5Brating_ids%5D%5B%5D=9&work_search%5Bexcluded_tag_names%5D=&work_search%5Bcrossover%5D=F&work_search%5Bcomplete%5D=&work_search%5Bwords_from%5D=&work_search%5Bwords_to%5D=&work_search%5Bdate_from%5D=&work_search%5Bdate_to%5D=&work_search%5Bquery%5D=&work_search%5Blanguage_id%5D=en&commit=Sort+and+Filter&tag_id=Rick+and+Morty
5058307,https://archiveofourown.org/works?utf8=%E2%9C%93&work_search%5Bsort_column%5D=hits&work_search%5Bother_tag_names%5D=&exclude_work_search%5Brating_ids%5D%5B%5D=13&exclude_work_search%5Brating_ids%5D%5B%5D=12&exclude_work_search%5Brating_ids%5D%5B%5D=9&work_search%5Bexcluded_tag_names%5D=&work_search%5Bcrossover%5D=F&work_search%5Bcomplete%5D=&work_search%5Bwords_from%5D=&work_search%5Bwords_to%5D=&work_search%5Bdate_from%5D=&work_search%5Bdate_to%5D=&work_search%5Bquery%5D=&work_search%5Blanguage_id%5D=en&commit=Sort+and+Filter&tag_id=Rick+and+Morty
11229105,https://archiveofourown.org/works?utf8=%E2%9C%93&work_search%5Bsort_column%5D=hits&work_search%5Bother_tag_names%5D=&exclude_work_search%5Brating_ids%5D%5B%5D=13&exclude_work_search%5Brating_ids%5D%5B%5D=12&exclude_work_search%5Brating_ids%5D%5B%5D=9&work_search%5Bexcluded_tag_names%5D=&work_search%5Bcrossover%5D=F&work_search%5Bcomplete%5D=&work_search%5Bwords_from%5D=&work_search%5Bwords_to%5D=&work_search%5Bdate_from%5D=&work_search%5Bdate_to%5D=&work_search%5Bquery%5D=&work_search%5Blanguage_id%5D=en&commit=Sort+and+Filter&tag_id=Rick+and+Morty
6161611,https://archiveofourown.org/works?utf8=%E2%9C%93&work_search%5Bsort_column%5D=hits&work_search%5Bother_tag_names%5D=&exclude_work_search%5Brating_ids%5D%5B%5D=13&exclude_work_search%5Brating_ids%5D%5B%5D=12&exclude_work_search%5Brating_ids%5D%5B%5D=9&work_search%5Bexcluded_tag_names%5D=&work_search%5Bcrossover%5D=F&work_search%5Bcomplete%5D=&work_search%5Bwords_from%5D=&work_search%5Bwords_to%5D=&work_search%5Bdate_from%5D=&work_search%5Bdate_to%5D=&work_search%5Bquery%5D=&work_search%5Blanguage_id%5D=en&commit=Sort+and+Filter&tag_id=Rick+and+Morty
5445755,https://archiveofourown.org/works?utf8=%E2%9C%93&work_search%5Bsort_column%5D=hits&work_search%5Bother_tag_names%5D=&exclude_work_search%5Brating_ids%5D%5B%5D=13&exclude_work_search%5Brating_ids%5D%5B%5D=12&exclude_work_search%5Brating_ids%5D%5B%5D=9&work_search%5Bexcluded_tag_names%5D=&work_search%5Bcrossover%5D=F&work_search%5Bcomplete%5D=&work_search%5Bwords_from%5D=&work_search%5Bwords_to%5D=&work_search%5Bdate_from%5D=&work_search%5Bdate_to%5D=&work_search%5Bquery%5D=&work_search%5Blanguage_id%5D=en&commit=Sort+and+Filter&tag_id=My+Little+Pony
5553836,https://archiveofourown.org/works?utf8=%E2%9C%93&work_search%5Bsort_column%5D=hits&work_search%5Bother_tag_names%5D=&exclude_work_search%5Brating_ids%5D%5B%5D=13&exclude_work_search%5Brating_ids%5D%5B%5D=12&exclude_work_search%5Brating_ids%5D%5B%5D=9&work_search%5Bexcluded_tag_names%5D=&work_search%5Bcrossover%5D=F&work_search%5Bcomplete%5D=&work_search%5Bwords_from%5D=&work_search%5Bwords_to%5D=&work_search%5Bdate_from%5D=&work_search%5Bdate_to%5D=&work_search%5Bquery%5D=&work_search%5Blanguage_id%5D=en&commit=Sort+and+Filter&tag_id=My+Little+Pony
5464547,https://archiveofourown.org/works?utf8=%E2%9C%93&work_search%5Bsort_column%5D=hits&work_search%5Bother_tag_names%5D=&exclude_work_search%5Brating_ids%5D%5B%5D=13&exclude_work_search%5Brating_ids%5D%5B%5D=12&exclude_work_search%5Brating_ids%5D%5B%5D=9&work_search%5Bexcluded_tag_names%5D=&work_search%5Bcrossover%5D=F&work_search%5Bcomplete%5D=&work_search%5Bwords_from%5D=&work_search%5Bwords_to%5D=&work_search%5Bdate_from%5D=&work_search%5Bdate_to%5D=&work_search%5Bquery%5D=&work_search%5Blanguage_id%5D=en&commit=Sort+and+Filter&tag_id=My+Little+Pony
5605435,https://archiveofourown.org/works?utf8=%E2%9C%93&work_search%5Bsort_column%5D=hits&work_search%5Bother_tag_names%5D=&exclude_work_search%5Brating_ids%5D%5B%5D=13&exclude_work_search%5Brating_ids%5D%5B%5D=12&exclude_work_search%5Brating_ids%5D%5B%5D=9&work_search%5Bexcluded_tag_names%5D=&work_search%5Bcrossover%5D=F&work_search%5Bcomplete%5D=&work_search%5Bwords_from%5D=&work_search%5Bwords_to%5D=&work_search%5Bdate_from%5D=&work_search%5Bdate_to%5D=&work_search%5Bquery%5D=&work_search%5Blanguage_id%5D=en&commit=Sort+and+Filter&tag_id=My+Little+Pony
1008826,https://archiveofourown.org/works?utf8=%E2%9C%93&work_search%5Bsort_column%5D=hits&work_search%5Bother_tag_names%5D=&exclude_work_search%5Brating_ids%5D%5B%5D=13&exclude_work_search%5Brating_ids%5D%5B%5D=12&exclude_work_search%5Brating_ids%5D%5B%5D=9&work_search%5Bexcluded_tag_names%5D=&work_search%5Bcrossover%5D=F&work_search%5Bcomplete%5D=&work_search%5Bwords_from%5D=&work_search%5Bwords_to%5D=&work_search%5Bdate_from%5D=&work_search%5Bdate_to%5D=&work_search%5Bquery%5D=&work_search%5Blanguage_id%5D=en&commit=Sort+and+Filter&tag_id=My+Little+Pony
16101764,https://archiveofourown.org/works?utf8=%E2%9C%93&work_search%5Bsort_column%5D=hits&work_search%5Bother_tag_names%5D=&exclude_work_search%5Brating_ids%5D%5B%5D=13&exclude_work_search%5Brating_ids%5D%5B%5D=12&exclude_work_search%5Brating_ids%5D%5B%5D=9&work_search%5Bexcluded_tag_names%5D=&work_search%5Bcrossover%5D=F&work_search%5Bcomplete%5D=&work_search%5Bwords_from%5D=&work_search%5Bwords_to%5D=&work_search%5Bdate_from%5D=&work_search%5Bdate_to%5D=&work_search%5Bquery%5D=&work_search%5Blanguage_id%5D=en&commit=Sort+and+Filter&tag_id=The+Dragon+Prince+%28Cartoon%29
21815863,https://archiveofourown.org/works?utf8=%E2%9C%93&work_search%5Bsort_column%5D=hits&work_search%5Bother_tag_names%5D=&exclude_work_search%5Brating_ids%5D%5B%5D=13&exclude_work_search%5Brating_ids%5D%5B%5D=12&exclude_work_search%5Brating_ids%5D%5B%5D=9&work_search%5Bexcluded_tag_names%5D=&work_search%5Bcrossover%5D=F&work_search%5Bcomplete%5D=&work_search%5Bwords_from%5D=&work_search%5Bwords_to%5D=&work_search%5Bdate_from%5D=&work_search%5Bdate_to%5D=&work_search%5Bquery%5D=&work_search%5Blanguage_id%5D=en&commit=Sort+and+Filter&tag_id=The+Dragon+Prince+%28Cartoon%29
18261533,https://archiveofourown.org/works?utf8=%E2%9C%93&work_search%5Bsort_column%5D=hits&work_search%5Bother_tag_names%5D=&exclude_work_search%5Brating_ids%5D%5B%5D=13&exclude_work_search%5Brating_ids%5D%5B%5D=12&exclude_work_search%5Brating_ids%5D%5B%5D=9&work_search%5Bexcluded_tag_names%5D=&work_search%5Bcrossover%5D=F&work_search%5Bcomplete%5D=&work_search%5Bwords_from%5D=&work_search%5Bwords_to%5D=&work_search%5Bdate_from%5D=&work_search%5Bdate_to%5D=&work_search%5Bquery%5D=&work_search%5Blanguage_id%5D=en&commit=Sort+and+Filter&tag_id=The+Dragon+Prince+%28Cartoon%29
18112514,https://archiveofourown.org/works?utf8=%E2%9C%93&work_search%5Bsort_column%5D=hits&work_search%5Bother_tag_names%5D=&exclude_work_search%5Brating_ids%5D%5B%5D=13&exclude_work_search%5Brating_ids%5D%5B%5D=12&exclude_work_search%5Brating_ids%5D%5B%5D=9&work_search%5Bexcluded_tag_names%5D=&work_search%5Bcrossover%5D=F&work_search%5Bcomplete%5D=&work_search%5Bwords_from%5D=&work_search%5Bwords_to%5D=&work_search%5Bdate_from%5D=&work_search%5Bdate_to%5D=&work_search%5Bquery%5D=&work_search%5Blanguage_id%5D=en&commit=Sort+and+Filter&tag_id=The+Dragon+Prince+%28Cartoon%29
17813108,https://archiveofourown.org/works?utf8=%E2%9C%93&work_search%5Bsort_column%5D=hits&work_search%5Bother_tag_names%5D=&exclude_work_search%5Brating_ids%5D%5B%5D=13&exclude_work_search%5Brating_ids%5D%5B%5D=12&exclude_work_search%5Brating_ids%5D%5B%5D=9&work_search%5Bexcluded_tag_names%5D=&work_search%5Bcrossover%5D=F&work_search%5Bcomplete%5D=&work_search%5Bwords_from%5D=&work_search%5Bwords_to%5D=&work_search%5Bdate_from%5D=&work_search%5Bdate_to%5D=&work_search%5Bquery%5D=&work_search%5Blanguage_id%5D=en&commit=Sort+and+Filter&tag_id=The+Dragon+Prince+%28Cartoon%29
12875034,https://archiveofourown.org/works?utf8=%E2%9C%93&work_search%5Bsort_column%5D=hits&work_search%5Bother_tag_names%5D=&exclude_work_search%5Brating_ids%5D%5B%5D=13&exclude_work_search%5Brating_ids%5D%5B%5D=12&exclude_work_search%5Brating_ids%5D%5B%5D=9&work_search%5Bexcluded_tag_names%5D=&work_search%5Bcrossover%5D=F&work_search%5Bcomplete%5D=&work_search%5Bwords_from%5D=&work_search%5Bwords_to%5D=&work_search%5Bdate_from%5D=&work_search%5Bdate_to%5D=&work_search%5Bquery%5D=&work_search%5Blanguage_id%5D=en&commit=Sort+and+Filter&tag_id=Rapunzel%27s+Tangled+Adventure+%28Cartoon%29
14773046,https://archiveofourown.org/works?utf8=%E2%9C%93&work_search%5Bsort_column%5D=hits&work_search%5Bother_tag_names%5D=&exclude_work_search%5Brating_ids%5D%5B%5D=13&exclude_work_search%5Brating_ids%5D%5B%5D=12&exclude_work_search%5Brating_ids%5D%5B%5D=9&work_search%5Bexcluded_tag_names%5D=&work_search%5Bcrossover%5D=F&work_search%5Bcomplete%5D=&work_search%5Bwords_from%5D=&work_search%5Bwords_to%5D=&work_search%5Bdate_from%5D=&work_search%5Bdate_to%5D=&work_search%5Bquery%5D=&work_search%5Blanguage_id%5D=en&commit=Sort+and+Filter&tag_id=Rapunzel%27s+Tangled+Adventure+%28Cartoon%29
23322922,https://archiveofourown.org/works?utf8=%E2%9C%93&work_search%5Bsort_column%5D=hits&work_search%5Bother_tag_names%5D=&exclude_work_search%5Brating_ids%5D%5B%5D=13&exclude_work_search%5Brating_ids%5D%5B%5D=12&exclude_work_search%5Brating_ids%5D%5B%5D=9&work_search%5Bexcluded_tag_names%5D=&work_search%5Bcrossover%5D=F&work_search%5Bcomplete%5D=&work_search%5Bwords_from%5D=&work_search%5Bwords_to%5D=&work_search%5Bdate_from%5D=&work_search%5Bdate_to%5D=&work_search%5Bquery%5D=&work_search%5Blanguage_id%5D=en&commit=Sort+and+Filter&tag_id=Rapunzel%27s+Tangled+Adventure+%28Cartoon%29
23939932,https://archiveofourown.org/works?utf8=%E2%9C%93&work_search%5Bsort_column%5D=hits&work_search%5Bother_tag_names%5D=&exclude_work_search%5Brating_ids%5D%5B%5D=13&exclude_work_search%5Brating_ids%5D%5B%5D=12&exclude_work_search%5Brating_ids%5D%5B%5D=9&work_search%5Bexcluded_tag_names%5D=&work_search%5Bcrossover%5D=F&work_search%5Bcomplete%5D=&work_search%5Bwords_from%5D=&work_search%5Bwords_to%5D=&work_search%5Bdate_from%5D=&work_search%5Bdate_to%5D=&work_search%5Bquery%5D=&work_search%5Blanguage_id%5D=en&commit=Sort+and+Filter&tag_id=Rapunzel%27s+Tangled+Adventure+%28Cartoon%29
23357617,https://archiveofourown.org/works?utf8=%E2%9C%93&work_search%5Bsort_column%5D=hits&work_search%5Bother_tag_names%5D=&exclude_work_search%5Brating_ids%5D%5B%5D=13&exclude_work_search%5Brating_ids%5D%5B%5D=12&exclude_work_search%5Brating_ids%5D%5B%5D=9&work_search%5Bexcluded_tag_names%5D=&work_search%5Bcrossover%5D=F&work_search%5Bcomplete%5D=&work_search%5Bwords_from%5D=&work_search%5Bwords_to%5D=&work_search%5Bdate_from%5D=&work_search%5Bdate_to%5D=&work_search%5Bquery%5D=&work_search%5Blanguage_id%5D=en&commit=Sort+and+Filter&tag_id=Rapunzel%27s+Tangled+Adventure+%28Cartoon%29
